Timestamp,[PMBUS] VCCINT Voltage,[PMBUS] VCCINT Current,[PMBUS] VCCINT Power,[PMBUS] VCCINT Temperature,[PMBUS] VCCBRAM Voltage,[PMBUS] VCCBRAM Current,[PMBUS] VCCBRAM Power,[PMBUS] VCCBRAM Temperature,[PMBUS] VCCPSINTFP Voltage,[PMBUS] VCCPSINTFP Current,[PMBUS] VCCPSINTFP Power,[PMBUS] VCCPSINTFP Temperature,[PMBUS] DDR4_DIMM_VDDQ Voltage,[PMBUS] DDR4_DIMM_VDDQ Current,[PMBUS] DDR4_DIMM_VDDQ Power,[PMBUS] DDR4_DIMM_VDDQ Temperature,[PMBUS] VCCPSINTLP Voltage,[PMBUS] VCCPSINTLP Current,[PMBUS] VCCPSINTLP Power,[PMBUS] VCCPSINTLP Temperature,[HWMON] VCCO_PSDDR_504 Voltage,[HWMON] VCCO_PSDDR_504 Current,[HWMON] VCCO_PSDDR_504 Power,[HWMON] VCCO_PSDDR_504 Temperature,[PMBUS] VCCAUX Voltage,[PMBUS] VCCAUX Current,[PMBUS] VCCAUX Power,[PMBUS] VCCAUX Temperature,
3677957358040,0.849609375,1.203125,32.875,1.022186279296875,0.85009765625,-0.015716552734375,37.3125,-0.013360604643821716,0.85009765625,1.134765625,36.25,0.9646615982055664,1.199951171875,0.400390625,42.5,0.48044919967651367,0.849853515625,0.3125,41.6875,0.2655792236328125,0.290771484375,187.0,-2293760.0,54.374267578125,1.799560546875,0.24267578125,41.4375,0.436709761619567
3678100518440,0.849853515625,1.576171875,32.875,1.339515209197998,0.849609375,-0.0080718994140625,37.6875,-0.006857961416244507,0.85009765625,1.29296875,36.25,1.0991497039794922,1.199462890625,0.4384765625,42.5,0.5259363651275635,0.85009765625,0.31396484375,41.6875,0.26690077781677246,0.291015625,170.0,-1408.0,49.47265625,1.799560546875,0.244384765625,41.4375,0.43978518247604
3678241320410,0.849853515625,1.3828125,32.75,1.1751880645751953,0.85009765625,-0.0110015869140625,37.6875,-0.009352423250675201,0.850341796875,1.361328125,36.0625,1.1575942039489746,1.199951171875,0.38671875,42.5,0.46404361724853516,0.85009765625,0.30712890625,41.6875,0.261089563369751,0.291015625,156.0,19.75,45.3984375,1.800048828125,0.247802734375,41.5625,0.44605702161788
3678378721140,0.849609375,1.38671875,32.75,1.1781692504882812,0.85009765625,-0.010498046875,37.6875,-0.008924365043640137,0.85009765625,1.365234375,36.1875,1.1605825424194336,1.199462890625,0.712890625,42.5,0.8550858497619629,0.849853515625,0.314453125,41.6875,0.2672390937805176,0.2900390625,297.0,-212992.0,86.1416015625,1.800048828125,0.244384765625,41.5625,0.439904510974884
3678518584630,0.849853515625,1.60546875,32.125,1.3644132614135742,0.85009765625,-0.0080413818359375,37.4375,-0.006835959851741791,0.849609375,1.115234375,36.1875,0.9475135803222656,1.199951171875,0.38720703125,42.625,0.46462953090667725,0.85009765625,0.3095703125,41.6875,0.2631649971008301,0.291259765625,166.0,-1408.0,48.34912109375,1.800048828125,0.25048828125,41.4375,0.45089113712310
3678655837600,0.849853515625,1.0390625,32.125,0.8830509185791016,0.85009765625,-0.0133514404296875,37.4375,-0.011350028216838837,0.849609375,1.119140625,36.1875,0.9508323669433594,1.199462890625,0.38330078125,42.625,0.4597550630569458,0.849853515625,0.3115234375,41.9375,0.26474928855895996,0.291015625,163.0,-1408.0,47.435546875,1.800048828125,0.24560546875,41.4375,0.44210183620452
3678794346650,0.849853515625,1.25390625,32.875,1.0656366348266602,0.85009765625,-0.0120391845703125,37.3125,-0.01023448258638382,0.85009765625,1.134765625,36.1875,0.9646615982055664,1.199951171875,0.38525390625,42.625,0.4622858762741089,0.85009765625,0.310546875,41.9375,0.2639951705932617,0.291015625,162.0,-1408.0,47.14453125,1.799560546875,0.243896484375,41.375,0.43890649080276
3678931241270,0.849853515625,1.677734375,32.875,1.425828456878662,0.849609375,-0.01220703125,37.3125,-0.010371208190917969,0.85009765625,1.12890625,36.25,0.9596805572509766,1.199462890625,0.39013671875,42.4375,0.46795451641082764,0.85009765625,0.3134765625,41.6875,0.26648569107055664,0.291015625,165.0,-1408.0,48.017578125,1.799560546875,0.2431640625,41.375,0.43758845329284
3679068214990,0.849853515625,1.41796875,32.875,1.2050657272338867,0.849609375,-0.0116729736328125,37.25,-0.009917467832565308,0.849365234375,1.169921875,36.25,0.9936909675598145,1.199951171875,0.384765625,42.4375,0.4616999626159668,0.85009765625,0.30859375,41.9375,0.26233482360839844,0.291259765625,165.0,-1408.0,48.057861328125,1.799560546875,0.243896484375,41.375,0.43890649080276
3679205891090,0.849853515625,1.068359375,32.625,0.9079489707946777,0.85009765625,-0.0080718994140625,37.25,-0.0068619027733802795,0.85009765625,1.267578125,36.25,1.0775651931762695,1.199951171875,0.40625,42.4375,0.48748016357421875,0.85009765625,0.30712890625,41.9375,0.261089563369751,0.291259765625,162.0,-1408.0,47.18408203125,1.800048828125,0.24755859375,41.125,0.445617556571960
3679343482630,0.849609375,1.47265625,32.625,1.2511825561523438,0.849609375,-0.0142974853515625,37.25,-0.012147277593612671,0.849609375,1.091796875,36.25,0.9276008605957031,1.199951171875,0.4091796875,42.4375,0.4909956455230713,0.85009765625,0.3173828125,41.8125,0.2698063850402832,0.291259765625,156.0,19.75,45.4365234375,1.799560546875,0.24365234375,41.125,0.43846714496612
3679480511030,0.849609375,1.517578125,32.625,1.2893486022949219,0.85009765625,-0.014007568359375,37.25,-0.011907801032066345,0.849609375,1.142578125,36.1875,0.9707450866699219,1.199462890625,0.40625,42.625,0.48728179931640625,0.849853515625,0.3115234375,41.8125,0.26474928855895996,0.291015625,156.0,19.75,45.3984375,1.799560546875,0.241943359375,41.6875,0.435391724109649
3679617328580,0.849609375,1.291015625,32.625,1.0968589782714844,0.849609375,-0.0078125,37.25,-0.0066375732421875,0.849609375,1.140625,36.1875,0.969085693359375,1.199951171875,0.39990234375,42.625,0.4798632860183716,0.85009765625,0.31689453125,41.4375,0.2693912982940674,0.291259765625,153.0,19.75,44.562744140625,1.799560546875,0.239501953125,41.6875,0.43099826574325
3679754627300,0.83984375,2.95703125,32.75,2.4834442138671875,0.849609375,-0.0143890380859375,37.25,-0.012225061655044556,0.85009765625,1.34375,36.625,1.1423187255859375,1.199462890625,0.40771484375,42.3125,0.4890388250350952,0.849853515625,0.30859375,41.4375,0.26225948333740234,0.291015625,168.0,-1408.0,48.890625,1.800048828125,0.241455078125,41.5625,0.43463093042373
3679892488210,0.83984375,2.84375,32.75,2.3883056640625,0.849609375,-0.01165771484375,37.25,-0.00990450382232666,0.849609375,1.3671875,36.25,1.1615753173828125,1.199951171875,0.3984375,42.3125,0.4781055450439453,0.849853515625,0.3095703125,41.9375,0.2630894184112549,0.291015625,157.0,19.75,45.689453125,1.799560546875,0.246826171875,41.5625,0.444178640842437
3680029779560,0.839599609375,2.69140625,32.5,2.2597036361694336,0.85009765625,-0.010528564453125,37.25,-0.008950307965278625,0.849609375,1.29296875,36.25,1.0985183715820312,1.199951171875,0.39453125,42.4375,0.4734182357788086,0.85009765625,0.31103515625,41.9375,0.26441025733947754,0.291259765625,154.0,19.75,44.85400390625,1.800048828125,0.244873046875,41.375,0.440783441066741
3680166917320,0.83984375,2.81640625,32.5,2.3653411865234375,0.85009765625,-0.0116424560546875,37.25,-0.009897224605083466,0.849609375,1.3359375,36.1875,1.1350250244140625,1.199462890625,0.3935546875,42.4375,0.47205424308776855,0.85009765625,0.3154296875,41.6875,0.2681460380554199,0.291015625,162.0,-1408.0,47.14453125,1.799560546875,0.248046875,41.375,0.446375370025634
3680304935190,0.839599609375,2.7578125,32.5,2.315458297729492,0.85009765625,-0.015838623046875,37.5625,-0.013464376330375671,0.849609375,1.126953125,36.1875,0.9574699401855469,1.199951171875,0.38330078125,42.625,0.4599422216415405,0.85009765625,0.31396484375,41.6875,0.26690077781677246,0.291259765625,162.0,19.75,47.18408203125,1.799560546875,0.242919921875,41.375,0.43714910745620
3680441887300,0.83984375,2.921875,32.625,2.45391845703125,0.849609375,-0.014617919921875,37.5625,-0.012419521808624268,0.850341796875,1.146484375,35.6875,0.9749035835266113,1.199462890625,0.38037109375,42.75,0.45624101161956787,0.849853515625,0.310546875,41.5625,0.2639193534851074,0.291015625,155.0,19.75,45.107421875,1.799560546875,0.245849609375,41.6875,0.44242125749588
3680578712840,0.83984375,2.8671875,32.625,2.407989501953125,0.85009765625,-0.013153076171875,37.25,-0.01118139922618866,0.850341796875,1.08203125,35.6875,0.9200963973999023,1.199951171875,0.39599609375,42.75,0.47517597675323486,0.849853515625,0.31298828125,41.6875,0.26599419116973877,0.291259765625,165.0,-1408.0,48.057861328125,1.800048828125,0.246337890625,41.6875,0.44342023134231
3680716206330,0.83984375,2.921875,32.875,2.45391845703125,0.849609375,-0.01043701171875,37.25,-0.008867383003234863,0.85009765625,1.115234375,36.25,0.9480581283569336,1.199462890625,0.39013671875,42.4375,0.46795451641082764,0.85009765625,0.3056640625,41.6875,0.2598443031311035,0.291259765625,162.0,-1408.0,47.18408203125,1.799560546875,0.2451171875,41.25,0.44110321998596
3680853139610,0.83984375,2.8515625,32.875,2.394866943359375,0.849609375,-0.0079498291015625,37.3125,-0.006754249334335327,0.850341796875,1.392578125,36.25,1.1841673851013184,1.199462890625,0.4658203125,42.4375,0.5587341785430908,0.849853515625,0.3125,42.0625,0.2655792236328125,0.291015625,190.0,-126976.0,55.29296875,1.800048828125,0.241943359375,41.25,0.43550986051559
3680990981260,0.849853515625,1.26953125,33.125,1.0789155960083008,0.849609375,-0.010772705078125,37.3125,-0.009152591228485107,0.85009765625,1.099609375,36.1875,0.9347753524780273,1.199462890625,0.39306640625,42.3125,0.47146856784820557,0.85009765625,0.31103515625,42.0625,0.26441025733947754,0.291015625,167.0,-1408.0,48.599609375,1.799560546875,0.2451171875,41.4375,0.44110321998596
3681128074940,0.849853515625,1.794921875,33.125,1.5254206657409668,0.85009765625,-0.011871337890625,37.4375,-0.010091796517372131,0.849609375,1.10546875,36.1875,0.9392166137695312,1.199951171875,0.3994140625,42.3125,0.4792773723602295,0.849853515625,0.31103515625,41.5625,0.2643343210220337,0.291015625,161.0,-1408.0,46.853515625,1.800048828125,0.24609375,41.4375,0.44298076629638
3681266808430,0.849853515625,1.328125,32.75,1.1287117004394531,0.849609375,-0.0122528076171875,37.4375,-0.010410100221633911,0.85009765625,1.12890625,36.1875,0.9596805572509766,1.199951171875,0.384765625,42.75,0.4616999626159668,0.849853515625,0.30810546875,41.5625,0.2618445158004761,0.291259765625,160.0,19.75,46.6015625,1.800048828125,0.2412109375,41.4375,0.43419146537780
3681403616520,0.849853515625,1.392578125,32.75,1.1834874153137207,0.85009765625,-0.01019287109375,37.3125,-0.008664935827255249,0.849609375,1.119140625,36.1875,0.9508323669433594,1.199951171875,0.40771484375,42.75,0.489237904548645,0.849853515625,0.3134765625,41.8125,0.26640915870666504,0.291015625,170.0,-1408.0,49.47265625,1.800048828125,0.241455078125,41.4375,0.43463093042373
3681543046340,0.82958984375,1.85546875,32.875,1.5392780303955078,0.85009765625,-0.0116424560546875,37.5625,-0.009897224605083466,0.85009765625,1.09375,36.1875,0.9297943115234375,1.199951171875,0.501953125,42.3125,0.6023192405700684,0.85009765625,0.3125,41.8125,0.265655517578125,0.291015625,185.0,-2293760.0,53.837890625,1.799560546875,0.24853515625,41.375,0.44725406169891
3681681663420,0.82958984375,1.9140625,32.875,1.5878868103027344,0.85009765625,-0.0072174072265625,37.5625,-0.006135500967502594,0.85009765625,1.333984375,36.1875,1.134016990661621,1.199951171875,0.41552734375,42.3125,0.49861252307891846,0.85009765625,0.3125,41.4375,0.265655517578125,0.291015625,175.0,-1408.0,50.927734375,1.800048828125,0.25146484375,41.375,0.452648997306823
3681819495360,0.829833984375,2.0859375,32.875,1.7309818267822266,0.849609375,-0.0116729736328125,37.8125,-0.009917467832565308,0.85009765625,1.294921875,36.1875,1.1008100509643555,1.199462890625,0.39013671875,42.4375,0.46795451641082764,0.849853515625,0.31298828125,41.4375,0.26599419116973877,0.291259765625,155.0,19.75,45.145263671875,1.799560546875,0.246337890625,41.25,0.443299949169158
3681956825930,0.829833984375,2.16015625,32.5,1.7925710678100586,0.85009765625,-0.016693115234375,37.8125,-0.014190778136253357,0.849609375,1.30859375,35.9375,1.1117935180664062,1.199951171875,0.720703125,42.5,0.8648085594177246,0.849853515625,0.3115234375,41.6875,0.26474928855895996,0.2900390625,195.0,-0.0693359375,56.5576171875,1.799560546875,0.242919921875,41.4375,0.43714910745620
3682095054560,0.82958984375,2.09375,32.5,1.7369537353515625,0.85009765625,-0.014068603515625,37.3125,-0.011959686875343323,0.85009765625,1.087890625,35.9375,0.9248132705688477,1.199462890625,0.3857421875,42.5,0.46268343925476074,0.849853515625,0.31298828125,41.8125,0.26599419116973877,0.291015625,168.0,-1408.0,48.890625,1.800048828125,0.2421875,41.4375,0.435949325561523
3682232421580,0.82958984375,1.955078125,32.5,1.621912956237793,0.849609375,-0.009185791015625,37.3125,-0.0078043341636657715,0.849609375,1.134765625,36.375,0.9641075134277344,1.199951171875,0.40185546875,42.4375,0.48220694065093994,0.849853515625,0.31591796875,41.8125,0.2684839963912964,0.291259765625,159.0,19.75,46.310302734375,1.799560546875,0.247314453125,41.375,0.445057332515716
3682369266980,0.829833984375,2.2265625,32.5,1.847677230834961,0.849609375,-0.007965087890625,37.4375,-0.006767213344573975,0.85009765625,1.103515625,36.375,0.9380960464477539,1.199951171875,0.384765625,42.4375,0.4616999626159668,0.85009765625,0.31396484375,41.9375,0.26690077781677246,0.291015625,162.0,-1408.0,47.14453125,1.799560546875,0.242919921875,41.375,0.43714910745620
3682507185650,0.829833984375,2.3046875,33.0,1.9125080108642578,0.849609375,-0.0132904052734375,37.4375,-0.011291652917861938,0.85009765625,1.123046875,36.1875,0.9546995162963867,1.199951171875,0.38232421875,42.5,0.45877039432525635,0.849853515625,0.3134765625,41.9375,0.26640915870666504,0.291259765625,153.0,19.75,44.562744140625,1.800048828125,0.242919921875,41.125,0.43726772069931
3682644075550,0.829833984375,2.1328125,33.0,1.7698802947998047,0.849609375,-0.0087738037109375,37.4375,-0.00745430588722229,0.85009765625,1.126953125,36.1875,0.9580202102661133,1.199462890625,0.384765625,42.5,0.46151208877563477,0.849853515625,0.3115234375,41.5625,0.26474928855895996,0.291015625,163.0,19.75,47.435546875,1.799560546875,0.247802734375,41.125,0.445936024188995
3682781523810,0.849609375,1.640625,33.125,1.393890380859375,0.85009765625,-0.0146942138671875,37.4375,-0.012491516768932343,0.85009765625,1.287109375,35.8125,1.0941686630249023,1.199462890625,0.37255859375,42.875,0.44687020778656006,0.849853515625,0.3115234375,41.5625,0.26474928855895996,0.291015625,165.0,-1408.0,48.017578125,1.799560546875,0.240478515625,41.4375,0.432755649089813
3682918973070,0.849853515625,1.48046875,33.125,1.2581815719604492,0.849609375,-0.0093536376953125,37.4375,-0.007946938276290894,0.85009765625,1.08203125,35.8125,0.9198322296142578,1.199462890625,0.38134765625,42.875,0.45741236209869385,0.849853515625,0.30615234375,41.8125,0.260184645652771,0.291259765625,160.0,-1408.0,46.6015625,1.800048828125,0.238525390625,41.4375,0.42935734987258
3683056245440,0.849609375,1.4296875,32.625,1.2146759033203125,0.849609375,-0.013946533203125,37.6875,-0.01184910535812378,0.85009765625,1.072265625,35.8125,0.9115304946899414,1.199462890625,0.40771484375,42.75,0.4890388250350952,0.849853515625,0.31591796875,41.8125,0.2684839963912964,0.291015625,169.0,-1408.0,49.181640625,1.800048828125,0.2451171875,41.25,0.44122290611267
3683193745940,0.849609375,1.521484375,32.625,1.2926673889160156,0.85009765625,-0.0133209228515625,37.6875,-0.011324085295200348,0.849609375,1.33203125,36.25,1.1317062377929688,1.199951171875,0.3876953125,42.75,0.46521544456481934,0.85009765625,0.31201171875,41.6875,0.2652404308319092,0.291259765625,175.0,-1408.0,50.970458984375,1.799560546875,0.240966796875,41.25,0.433634340763092
3683331518930,0.819580078125,1.49609375,32.5,1.2261686325073242,0.85009765625,-0.013031005859375,37.8125,-0.011077627539634705,0.849609375,1.326171875,36.25,1.1267280578613281,1.199951171875,0.4111328125,42.3125,0.49333930015563965,0.849853515625,0.31103515625,41.6875,0.2643343210220337,0.291015625,178.0,-126976.0,51.80078125,1.799560546875,0.25244140625,41.375,0.454283595085144
3683469147550,0.819580078125,1.6484375,32.875,1.3510265350341797,0.85009765625,-0.0121917724609375,37.8125,-0.010364197194576263,0.849609375,1.287109375,36.1875,1.0935401916503906,1.199462890625,0.40771484375,42.4375,0.4890388250350952,0.849853515625,0.30908203125,41.6875,0.2626744508743286,0.291259765625,157.0,19.75,45.727783203125,1.799560546875,0.244384765625,41.375,0.43978518247604
3683606436390,0.819580078125,1.49609375,32.875,1.2261686325073242,0.849609375,-0.011962890625,37.6875,-0.01016378402709961,0.85009765625,1.431640625,36.1875,1.2170343399047852,1.199462890625,0.39111328125,42.4375,0.4691258668899536,0.849853515625,0.31005859375,41.6875,0.26350438594818115,0.291259765625,159.0,19.75,46.310302734375,1.799560546875,0.24755859375,41.375,0.445496678352355
3683743966710,0.81982421875,1.447265625,32.625,1.1865034103393555,0.85009765625,-0.0108795166015625,37.6875,-0.009248651564121246,0.849365234375,1.1875,36.1875,1.0086212158203125,1.199462890625,0.38232421875,42.4375,0.4585837125778198,0.849853515625,0.30810546875,41.6875,0.2618445158004761,0.291015625,166.0,-1408.0,48.30859375,1.799560546875,0.24267578125,41.25,0.436709761619567
3683881308660,0.81982421875,1.36328125,32.625,1.1176509857177734,0.849609375,-0.01104736328125,37.4375,-0.009385943412780762,0.849609375,1.109375,36.1875,0.942535400390625,1.199951171875,0.37255859375,42.4375,0.44705212116241455,0.849853515625,0.31396484375,41.6875,0.2668241262435913,0.291259765625,154.0,19.75,44.85400390625,1.800048828125,0.24072265625,41.25,0.43331253528594
3684018244800,0.819580078125,1.943359375,32.875,1.5927386283874512,0.849609375,-0.0130462646484375,37.4375,-0.011084228754043579,0.849609375,1.12890625,36.25,0.9591293334960938,1.199462890625,0.388671875,42.5,0.46619749069213867,0.849853515625,0.3134765625,41.6875,0.26640915870666504,0.291015625,160.0,-1408.0,46.5625,1.800048828125,0.242919921875,41.375,0.43726772069931
3684155156340,0.81982421875,1.501953125,32.875,1.231337547302246,0.849609375,-0.00921630859375,37.4375,-0.007830262184143066,0.85009765625,1.12109375,36.25,0.9530391693115234,1.199462890625,0.3779296875,42.5,0.45331263542175293,0.85009765625,0.31103515625,41.5625,0.26441025733947754,0.291259765625,158.0,19.75,46.01904296875,1.799560546875,0.244384765625,41.375,0.43978518247604
3684293586490,0.81982421875,1.41796875,33.0,1.162485122680664,0.85009765625,-0.0117340087890625,37.4375,-0.009975053369998932,0.849609375,1.158203125,36.0625,0.9840202331542969,1.199462890625,0.39208984375,42.4375,0.4702972173690796,0.85009765625,0.3095703125,41.5625,0.2631649971008301,0.291015625,157.0,19.75,45.689453125,1.800048828125,0.2431640625,41.5625,0.437707185745239
3684430511140,0.849853515625,1.58203125,33.0,1.3444948196411133,0.85009765625,-0.0131378173828125,37.4375,-0.011168427765369415,0.849609375,1.279296875,36.0625,1.0869026184082031,1.199462890625,0.39990234375,42.4375,0.4796680212020874,0.85009765625,0.31298828125,41.9375,0.2660706043243408,0.291015625,167.0,-1408.0,48.599609375,1.799560546875,0.24951171875,41.5625,0.44901144504547
3684567949830,0.849853515625,1.392578125,32.75,1.1834874153137207,0.849609375,-0.011505126953125,37.25,-0.009774863719940186,0.85009765625,1.134765625,36.0625,0.9646615982055664,1.199951171875,0.40771484375,42.4375,0.489237904548645,0.85009765625,0.3115234375,41.9375,0.26482534408569336,0.291259765625,159.0,19.75,46.310302734375,1.800048828125,0.247314453125,41.5625,0.44517809152603
3684704918360,0.849853515625,1.615234375,32.75,1.3727126121520996,0.849609375,-0.012054443359375,37.25,-0.010241568088531494,0.849609375,1.14453125,36.0625,0.9724044799804688,1.199951171875,0.36962890625,42.4375,0.443536639213562,0.849853515625,0.318359375,41.8125,0.27055883407592773,0.291259765625,156.0,-1408.0,45.4365234375,1.799560546875,0.243896484375,41.5625,0.43890649080276
3684841697820,0.849853515625,1.626953125,32.75,1.38267183303833,0.85009765625,-0.0114288330078125,37.8125,-0.009715624153614044,0.849609375,1.125,36.0625,0.955810546875,1.199951171875,0.388671875,42.4375,0.4663872718811035,0.849853515625,0.30517578125,41.8125,0.25935471057891846,0.291015625,160.0,-1408.0,46.5625,1.800048828125,0.243896484375,41.375,0.43902558088302
3684978548210,0.849609375,1.984375,32.75,1.685943603515625,0.849609375,-0.00628662109375,37.8125,-0.005341172218322754,0.85009765625,1.103515625,36.0625,0.9380960464477539,1.199951171875,0.396484375,42.75,0.47576189041137695,0.849853515625,0.31201171875,41.8125,0.26516425609588623,0.291259765625,157.0,19.75,45.727783203125,1.799560546875,0.243896484375,41.4375,0.43890649080276
3685115870970,0.8095703125,1.37109375,32.75,1.1099967956542969,0.849609375,-0.0070343017578125,37.5625,-0.0059764087200164795,0.85009765625,1.455078125,36.0625,1.2369585037231445,1.199462890625,0.4208984375,42.75,0.5048520565032959,0.85009765625,0.31103515625,41.8125,0.26441025733947754,0.291015625,171.0,-126976.0,49.763671875,1.799560546875,0.245361328125,41.4375,0.44154256582260
3685254013420,0.809814453125,1.4296875,33.0,1.1577816009521484,0.849609375,-0.0181884765625,37.5625,-0.015453100204467773,0.85009765625,1.291015625,36.1875,1.097489356994629,1.199462890625,0.39599609375,42.3125,0.4749826192855835,0.849853515625,0.31494140625,41.6875,0.26765406131744385,0.291259765625,157.0,19.75,45.727783203125,1.799560546875,0.244384765625,41.5625,0.43978518247604
3685391291140,0.809814453125,1.228515625,33.0,0.9948697090148926,0.85009765625,-0.0147552490234375,37.25,-0.01254340261220932,0.849365234375,1.349609375,36.1875,1.1463112831115723,1.199951171875,0.390625,42.3125,0.4687309265136719,0.85009765625,0.30712890625,41.6875,0.261089563369751,0.291259765625,187.0,-2293760.0,54.465576171875,1.799560546875,0.24755859375,41.5625,0.445496678352355
3685528963480,0.809814453125,1.458984375,32.75,1.181506633758545,0.85009765625,-0.0087432861328125,37.25,-0.0074326470494270325,0.849609375,1.166015625,36.375,0.9906578063964844,1.199951171875,0.38232421875,42.4375,0.45877039432525635,0.849853515625,0.31689453125,41.6875,0.2693139314651489,0.291015625,162.0,-1408.0,47.14453125,1.799560546875,0.2431640625,41.375,0.43758845329284
3685666261180,0.8095703125,1.392578125,32.75,1.127389907836914,0.849609375,-0.0075225830078125,36.875,-0.006391257047653198,0.85009765625,1.09375,36.375,0.9297943115234375,1.199462890625,0.376953125,42.4375,0.45214128494262695,0.85009765625,0.31103515625,42.0625,0.26441025733947754,0.291259765625,165.0,-1408.0,48.057861328125,1.799560546875,0.2451171875,41.375,0.44110321998596
3685803158800,0.809814453125,1.572265625,32.875,1.2732434272766113,0.85009765625,-0.0084686279296875,36.875,-0.0071991607546806335,0.85009765625,1.12109375,36.875,0.9530391693115234,1.199462890625,0.38623046875,42.5,0.46326911449432373,0.849853515625,0.31201171875,42.0625,0.26516425609588623,0.291015625,164.0,-1408.0,47.7265625,1.799560546875,0.242431640625,41.4375,0.436270415782928
3685940033120,0.809814453125,1.173828125,32.875,0.9505829811096191,0.849609375,-0.008392333984375,37.3125,-0.0071302056312561035,0.85009765625,1.1328125,36.875,0.9630012512207031,1.199462890625,0.38134765625,42.5,0.45741236209869385,0.85009765625,0.31298828125,41.6875,0.2660706043243408,0.291259765625,152.0,19.75,44.271484375,1.799560546875,0.2421875,41.4375,0.435831069946289
3686077020540,0.8095703125,1.568359375,32.75,1.2696971893310547,0.85009765625,-0.013275146484375,37.3125,-0.011285170912742615,0.85009765625,1.154296875,36.25,0.9812650680541992,1.199462890625,0.39013671875,42.875,0.46795451641082764,0.849853515625,0.3115234375,41.6875,0.26474928855895996,0.291015625,166.0,-1408.0,48.30859375,1.800048828125,0.241943359375,41.375,0.43550986051559
3686216389430,0.849609375,1.546875,32.75,1.314239501953125,0.85009765625,-0.0082244873046875,37.3125,-0.006991617381572723,0.849609375,1.302734375,36.25,1.1068153381347656,1.199462890625,0.4794921875,42.875,0.5751330852508545,0.85009765625,0.310546875,41.6875,0.2639951705932617,0.291015625,158.0,19.75,45.98046875,1.800048828125,0.24267578125,41.375,0.436828255653381
3686353750590,0.849853515625,1.49609375,32.625,1.2714605331420898,0.849609375,-0.0098876953125,37.4375,-0.008400678634643555,0.849609375,1.119140625,36.5,0.9508323669433594,1.199462890625,0.38427734375,42.625,0.4609264135360718,0.849853515625,0.3115234375,41.6875,0.26474928855895996,0.291259765625,149.0,-1408.0,43.397705078125,1.799560546875,0.24462890625,41.375,0.44022452831268
3686490734220,0.849853515625,1.560546875,32.625,1.3262362480163574,0.85009765625,-0.012847900390625,37.4375,-0.010921970009803772,0.85009765625,1.115234375,36.25,0.9480581283569336,1.199951171875,0.3876953125,42.5,0.46521544456481934,0.849853515625,0.310546875,41.6875,0.2639193534851074,0.291259765625,154.0,19.75,44.85400390625,1.800048828125,0.244140625,41.25,0.43946504592895
3686628644890,0.849853515625,1.556640625,32.875,1.3229165077209473,0.85009765625,-0.01495361328125,37.5625,-0.012712031602859497,0.85009765625,1.12890625,36.25,0.9596805572509766,1.199951171875,0.39501953125,42.5,0.4740041494369507,0.85009765625,0.310546875,41.6875,0.2639951705932617,0.291015625,171.0,-1408.0,49.763671875,1.800048828125,0.24169921875,41.25,0.43507039546966
