timestamp_monotonic_ns,record_type,phase,event,detail,measurement_index,image_index,requested_vccint_v, sample_start_ns, sample_end_ns,VCCINT_path,VCCINT_voltage_v,VCCINT_current_a,VCCINT_power_w,VCCINT_vi_power_w,VCCINT_power_difference_w,VCCINT_valid,VCCINT_error,VCCBRAM_path,VCCBRAM_voltage_v,VCCBRAM_current_a,VCCBRAM_power_w,VCCBRAM_vi_power_w,VCCBRAM_power_difference_w,VCCBRAM_valid,VCCBRAM_error,VCCPSINTFP_path,VCCPSINTFP_voltage_v,VCCPSINTFP_current_a,VCCPSINTFP_power_w,VCCPSINTFP_vi_power_w,VCCPSINTFP_power_difference_w,VCCPSINTFP_valid,VCCPSINTFP_error,DDR4_DIMM_VDDQ_path,DDR4_DIMM_VDDQ_voltage_v,DDR4_DIMM_VDDQ_current_a,DDR4_DIMM_VDDQ_power_w,DDR4_DIMM_VDDQ_vi_power_w,DDR4_DIMM_VDDQ_power_difference_w,DDR4_DIMM_VDDQ_valid,DDR4_DIMM_VDDQ_error,VCCPSINTLP_path,VCCPSINTLP_voltage_v,VCCPSINTLP_current_a,VCCPSINTLP_power_w,VCCPSINTLP_vi_power_w,VCCPSINTLP_power_difference_w,VCCPSINTLP_valid,VCCPSINTLP_error,VCCO_PSDDR_504_path,VCCO_PSDDR_504_voltage_v,VCCO_PSDDR_504_current_a,VCCO_PSDDR_504_power_w,VCCO_PSDDR_504_vi_power_w,VCCO_PSDDR_504_power_difference_w,VCCO_PSDDR_504_valid,VCCO_PSDDR_504_error,VCCAUX_path,VCCAUX_voltage_v,VCCAUX_current_a,VCCAUX_power_w,VCCAUX_vi_power_w,VCCAUX_power_difference_w,VCCAUX_valid,VCCAUX_error,VCCINT_temperature,VCCBRAM_temperature,VCCPSINTFP_temperature,DDR4_DIMM_VDDQ_temperature,VCCPSINTLP_temperature,VCCO_PSDDR_504_temperature,VCCAUX_temperature,
6094406172790,EVENT,,ARCHITECTURE=v1,,,,,,,,,,,,,,,,,,,,,,,,,
6094406184580,EVENT,,FREQUENCY=2MHz,,,,,,,,,,,,,,,,,,,,,,,,,
6094406191570,EVENT,,TARGET_VOLTAGE=0.85V,,,,,,,,,,,,,,,,,,,,,,,,,
6094406207740,EVENT,,WEIGHTS=weights/new_digitcaps_weights_fixed32_16.bin,,,,,,,,,,,,,,,,,,,,,,,,,
6094406215820,EVENT,,NUM_IMAGES=100,,,,,,,,,,,,,,,,,,,,,,,,,
6097173195590,EVENT,,MEASUREMENT_START,,,,,,,,,,,,,,,,,,,,,,,,,
6097287249080,SAMPLE,,,,,,,6097287249080,6097298870860,PMBUS,0.849609375,0.0987548828125,,0.08390307426452637,,1,,PMBUS,0.85009765625,-0.0191650390625,,-0.016292154788970947,,1,,PMBUS,0.85009765625,1.09765625,,0.9331150054931641,,1,,PMBUS,1.199462890625,0.41259765625,,0.4948955774307251,,1,,PMBUS,0.85009765625,0.3193359375,,0.2714667320251465,,1,,HWMON,0.291015625,163.0,,47.435546875,,1,,PMBUS,1.800048828125,0.200927734375,,0.36167973279953003,,1,,36.1875,40.5,39.125,46.3125,44.5,-1408.0,44.875,
6097424177890,SAMPLE,,,,,,,6097424177890,6097435770730,PMBUS,0.849609375,0.222412109375,,0.1889634132385254,,1,,PMBUS,0.85009765625,-0.017608642578125,,-0.01496906578540802,,1,,PMBUS,0.85009765625,1.125,,0.95635986328125,,1,,PMBUS,1.199951171875,0.3701171875,,0.4441225528717041,,1,,PMBUS,0.85009765625,0.31689453125,,0.2693912982940674,,1,,HWMON,0.291259765625,164.0,,47.7666015625,,1,,PMBUS,1.800048828125,0.197021484375,,0.35464829206466675,,1,,35.9375,40.375,39.125,45.9375,44.5,-1408.0,44.5,
6097561081280,SAMPLE,,,,,,,6097561081280,6097572640650,PMBUS,0.849609375,0.29248046875,,0.24849414825439453,,1,,PMBUS,0.849609375,-0.0194091796875,,-0.01649022102355957,,1,,PMBUS,0.849609375,1.107421875,,0.9408760070800781,,1,,PMBUS,1.199951171875,0.41796875,,0.5015420913696289,,1,,PMBUS,0.85009765625,0.3154296875,,0.2681460380554199,,1,,HWMON,0.291015625,174.0,,50.63671875,,1,,PMBUS,1.800048828125,0.201904296875,,0.36343759298324585,,1,,35.9375,40.375,39.25,45.9375,44.625,-1408.0,44.3125,
6097697968040,SAMPLE,,,,,,,6097697968040,6097709524720,PMBUS,0.849853515625,0.267578125,,0.2274022102355957,,1,,PMBUS,0.85009765625,-0.01995849609375,,-0.016966670751571655,,1,,PMBUS,0.849609375,1.138671875,,0.9674263000488281,,1,,PMBUS,1.199951171875,0.373046875,,0.44763803482055664,,1,,PMBUS,0.85009765625,0.31982421875,,0.2718818187713623,,1,,HWMON,0.291015625,175.0,,50.927734375,,1,,PMBUS,1.800048828125,0.200927734375,,0.36167973279953003,,1,,35.9375,40.5,39.25,46.0625,44.625,-1408.0,44.3125,
6097834837900,SAMPLE,,,,,,,6097834837900,6097846540260,PMBUS,0.849609375,0.4326171875,,0.3675556182861328,,1,,PMBUS,0.85009765625,-0.0135498046875,,-0.011518657207489014,,1,,PMBUS,0.849609375,1.138671875,,0.9674263000488281,,1,,PMBUS,1.199951171875,0.400390625,,0.48044919967651367,,1,,PMBUS,0.85009765625,0.31494140625,,0.2677309513092041,,1,,HWMON,0.291015625,175.0,,50.927734375,,1,,PMBUS,1.799560546875,0.200927734375,,0.36158162355422974,,1,,35.9375,40.5,39.25,46.0625,44.5,-1408.0,44.625,
6097971874960,SAMPLE,,,,,,,6097971874960,6097983479400,PMBUS,0.849853515625,0.27587890625,,0.23445665836334229,,1,,PMBUS,0.85009765625,-0.0125885009765625,,-0.010701455175876617,,1,,PMBUS,0.849609375,1.11328125,,0.9458541870117188,,1,,PMBUS,1.199462890625,0.408203125,,0.4896245002746582,,1,,PMBUS,0.85009765625,0.31591796875,,0.26856112480163574,,1,,HWMON,0.291015625,170.0,,49.47265625,,1,,PMBUS,1.800048828125,0.202392578125,,0.36431652307510376,,1,,35.8125,40.1875,38.875,46.1875,44.5,-1408.0,44.625,
6098108793350,SAMPLE,,,,,,,6098108793350,6098120447290,PMBUS,0.849853515625,-0.0289306640625,,-0.02458682656288147,,1,,PMBUS,0.85009765625,-0.0148162841796875,,-0.012595288455486298,,1,,PMBUS,0.85009765625,1.109375,,0.9430770874023438,,1,,PMBUS,1.199951171875,0.41455078125,,0.4974406957626343,,1,,PMBUS,0.85009765625,0.31396484375,,0.26690077781677246,,1,,HWMON,0.291259765625,166.0,,48.34912109375,,1,,PMBUS,1.799560546875,0.199951171875,,0.3598242402076721,,1,,35.8125,40.625,38.875,46.1875,44.75,-1408.0,44.625,
6098245765890,SAMPLE,,,,,,,6098245765890,6098257370160,PMBUS,0.849853515625,-0.024810791015625,,-0.02108553797006607,,1,,PMBUS,0.85009765625,-0.0147705078125,,-0.012556374073028564,,1,,PMBUS,0.849609375,1.09765625,,0.9325790405273438,,1,,PMBUS,1.199462890625,0.40966796875,,0.49138152599334717,,1,,PMBUS,0.849853515625,0.3154296875,,0.2680690288543701,,1,,HWMON,0.291259765625,162.0,,47.18408203125,,1,,PMBUS,1.800048828125,0.198486328125,,0.3572850823402405,,1,,35.9375,40.625,39.125,46.1875,44.75,-1408.0,44.625,
6098382700850,SAMPLE,,,,,,,6098382700850,6098394283210,PMBUS,0.849853515625,-0.078369140625,,-0.06660228967666626,,1,,PMBUS,0.849609375,-0.017608642578125,,-0.01496046781539917,,1,,PMBUS,0.85009765625,1.138671875,,0.967982292175293,,1,,PMBUS,1.199462890625,0.416015625,,0.498995304107666,,1,,PMBUS,0.849853515625,0.31591796875,,0.2684839963912964,,1,,HWMON,0.291015625,176.0,,51.21875,,1,,PMBUS,1.799560546875,0.199462890625,,0.3589455485343933,,1,,36.0625,40.5,39.125,46.1875,44.4375,-1408.0,44.625,
6098519593690,SAMPLE,,,,,,,6098519593690,6098531181110,PMBUS,0.849853515625,0.34619140625,,0.2942119836807251,,1,,PMBUS,0.85009765625,-0.0167236328125,,-0.014216721057891846,,1,,PMBUS,0.849609375,1.173828125,,0.9972953796386719,,1,,PMBUS,1.199951171875,0.41064453125,,0.49275338649749756,,1,,PMBUS,0.85009765625,0.31689453125,,0.2693912982940674,,1,,HWMON,0.291015625,175.0,,50.927734375,,1,,PMBUS,1.800048828125,0.201416015625,,0.36255866289138794,,1,,36.0625,40.5,38.875,46.3125,44.4375,-1408.0,44.625,
6098656494060,SAMPLE,,,,,,,6098656494060,6098668057080,PMBUS,0.849853515625,0.27587890625,,0.23445665836334229,,1,,PMBUS,0.849609375,-0.016387939453125,,-0.013923346996307373,,1,,PMBUS,0.85009765625,1.12109375,,0.9530391693115234,,1,,PMBUS,1.199951171875,0.43603515625,,0.5232208967208862,,1,,PMBUS,0.85009765625,0.3173828125,,0.2698063850402832,,1,,HWMON,0.291015625,175.0,,50.927734375,,1,,PMBUS,1.799560546875,0.201416015625,,0.36246031522750854,,1,,35.6875,40.5,38.875,46.3125,44.75,-1408.0,44.875,
6098793383020,SAMPLE,,,,,,,6098793383020,6098806091490,PMBUS,0.849609375,0.25146484375,,0.21364688873291016,,1,,PMBUS,0.85009765625,-0.0159912109375,,-0.013594090938568115,,1,,PMBUS,0.849609375,1.142578125,,0.9707450866699219,,1,,PMBUS,1.199462890625,0.41650390625,,0.499580979347229,,1,,PMBUS,0.85009765625,0.318359375,,0.27063655853271484,,1,,HWMON,0.291015625,166.0,,48.30859375,,1,,PMBUS,1.800048828125,0.196044921875,,0.3528904318809509,,1,,35.6875,40.5,38.75,46.3125,44.4375,-1408.0,44.875,
6098931406960,SAMPLE,,,,,,,6098931406960,6098944146300,PMBUS,0.849609375,0.06170654296875,,0.05242645740509033,,1,,PMBUS,0.85009765625,-0.018341064453125,,-0.01559169590473175,,1,,PMBUS,0.849609375,1.146484375,,0.9740638732910156,,1,,PMBUS,1.199951171875,0.3701171875,,0.4441225528717041,,1,,PMBUS,0.85009765625,0.31396484375,,0.26690077781677246,,1,,HWMON,0.291259765625,166.0,,48.34912109375,,1,,PMBUS,1.800048828125,0.2021484375,,0.3638770580291748,,1,,35.8125,40.5,38.75,46.3125,44.4375,-1408.0,44.5,
6099069472390,SAMPLE,,,,,,,6099069472390,6099081042250,PMBUS,0.849853515625,0.185302734375,,0.1574801802635193,,1,,PMBUS,0.849609375,-0.01708984375,,-0.014519691467285156,,1,,PMBUS,0.85009765625,1.14453125,,0.9729633331298828,,1,,PMBUS,1.199951171875,0.43115234375,,0.5173617601394653,,1,,PMBUS,0.85009765625,0.31787109375,,0.270221471786499,,1,,HWMON,0.291015625,175.0,,50.927734375,,1,,PMBUS,1.800048828125,0.19775390625,,0.3559666872024536,,1,,35.8125,40.5,39.4375,46.3125,44.625,-1408.0,44.4375,
6099206354410,SAMPLE,,,,,,,6099206354410,6099217940120,PMBUS,0.849853515625,0.193603515625,,0.16453462839126587,,1,,PMBUS,0.85009765625,-0.014068603515625,,-0.011959686875343323,,1,,PMBUS,0.849609375,1.140625,,0.969085693359375,,1,,PMBUS,1.199462890625,0.3720703125,,0.44628453254699707,,1,,PMBUS,0.849853515625,0.31689453125,,0.2693139314651489,,1,,HWMON,0.291259765625,175.0,,50.970458984375,,1,,PMBUS,1.799560546875,0.198486328125,,0.3571881651878357,,1,,35.6875,40.5,39.4375,46.3125,44.625,-1408.0,44.4375,
6099343250390,SAMPLE,,,,,,,6099343250390,6099354803280,PMBUS,0.849609375,0.4697265625,,0.39908409118652344,,1,,PMBUS,0.85009765625,-0.01617431640625,,-0.013749748468399048,,1,,PMBUS,0.85009765625,1.125,,0.95635986328125,,1,,PMBUS,1.199462890625,0.419921875,,0.5036807060241699,,1,,PMBUS,0.85009765625,0.3193359375,,0.2714667320251465,,1,,HWMON,0.291015625,175.0,,50.927734375,,1,,PMBUS,1.800048828125,0.203125,,0.3656349182128906,,1,,35.6875,40.5,39.0,46.3125,44.625,-1408.0,44.625,
6099480137080,SAMPLE,,,,,,,6099480137080,6099491923070,PMBUS,0.849853515625,0.201904296875,,0.17158907651901245,,1,,PMBUS,0.85009765625,-0.014892578125,,-0.01266014575958252,,1,,PMBUS,0.849365234375,1.181640625,,1.0036444664001465,,1,,PMBUS,1.199951171875,0.37890625,,0.4546689987182617,,1,,PMBUS,0.85009765625,0.3154296875,,0.2681460380554199,,1,,HWMON,0.291259765625,161.0,,46.892822265625,,1,,PMBUS,1.799560546875,0.201171875,,0.36202096939086914,,1,,36.1875,40.5,39.25,46.0625,44.625,19.75,44.625,
6099617285440,SAMPLE,,,,,,,6099617285440,6099628916250,PMBUS,0.849853515625,0.490234375,,0.4166274070739746,,1,,PMBUS,0.85009765625,-0.01641845703125,,-0.013957291841506958,,1,,PMBUS,0.85009765625,1.123046875,,0.9546995162963867,,1,,PMBUS,1.199462890625,0.40966796875,,0.49138152599334717,,1,,PMBUS,0.85009765625,0.3173828125,,0.2698063850402832,,1,,HWMON,0.291259765625,167.0,,48.640380859375,,1,,PMBUS,1.799560546875,0.19873046875,,0.3576275110244751,,1,,36.1875,40.375,39.25,46.0625,44.4375,-1408.0,44.625,
6099754244800,SAMPLE,,,,,,,6099754244800,6099766044260,PMBUS,0.849609375,0.090576171875,,0.07695436477661133,,1,,PMBUS,0.849609375,-0.017333984375,,-0.014727115631103516,,1,,PMBUS,0.849609375,1.13671875,,0.9657669067382812,,1,,PMBUS,1.199462890625,0.3759765625,,0.450969934463501,,1,,PMBUS,0.85009765625,0.3203125,,0.2722969055175781,,1,,HWMON,0.291015625,173.0,,50.345703125,,1,,PMBUS,1.800048828125,0.199462890625,,0.3590429425239563,,1,,36.0625,40.375,38.875,46.3125,44.4375,-1408.0,44.625,
6099891420000,SAMPLE,,,,,,,6099891420000,6099903722130,PMBUS,0.849853515625,0.30908203125,,0.2626744508743286,,1,,PMBUS,0.85009765625,-0.009033203125,,-0.007679104804992676,,1,,PMBUS,0.85009765625,1.10546875,,0.9397563934326172,,1,,PMBUS,1.199462890625,0.41015625,,0.49196720123291016,,1,,PMBUS,0.849853515625,0.3173828125,,0.2697288990020752,,1,,HWMON,0.291015625,176.0,,51.21875,,1,,PMBUS,1.799560546875,0.203857421875,,0.3668537735939026,,1,,35.9375,40.3125,38.875,46.3125,44.4375,-1408.0,44.4375,
6100029048260,SAMPLE,,,,,,,6100029048260,6100040671240,PMBUS,0.849853515625,0.3173828125,,0.2697288990020752,,1,,PMBUS,0.85009765625,-0.015777587890625,,-0.013412490487098694,,1,,PMBUS,0.849609375,1.123046875,,0.9541511535644531,,1,,PMBUS,1.199462890625,0.392578125,,0.4708828926086426,,1,,PMBUS,0.849853515625,0.32080078125,,0.2726336717605591,,1,,HWMON,0.290771484375,175.0,,50.885009765625,,1,,PMBUS,1.799560546875,0.1982421875,,0.3567488193511963,,1,,35.9375,40.3125,39.125,46.4375,44.4375,-1408.0,44.4375,
6100166013870,SAMPLE,,,,,,,6100166013870,6100177609990,PMBUS,0.849609375,0.0576171875,,0.04895210266113281,,1,,PMBUS,0.85009765625,-0.01824951171875,,-0.015513867139816284,,1,,PMBUS,0.849609375,1.158203125,,0.9840202331542969,,1,,PMBUS,1.199462890625,0.41650390625,,0.499580979347229,,1,,PMBUS,0.849853515625,0.31396484375,,0.2668241262435913,,1,,HWMON,0.291259765625,170.0,,49.51416015625,,1,,PMBUS,1.799560546875,0.2001953125,,0.3602635860443115,,1,,35.5625,40.375,39.125,46.4375,44.625,-1408.0,44.3125,
6100302928690,SAMPLE,,,,,,,6100302928690,6100314517610,PMBUS,0.849853515625,0.2841796875,,0.24151110649108887,,1,,PMBUS,0.85009765625,-0.017333984375,,-0.014735579490661621,,1,,PMBUS,0.85009765625,1.109375,,0.9430770874023438,,1,,PMBUS,1.199462890625,0.3798828125,,0.4556553363800049,,1,,PMBUS,0.85009765625,0.314453125,,0.2673158645629883,,1,,HWMON,0.291259765625,164.0,,47.7666015625,,1,,PMBUS,1.800048828125,0.202392578125,,0.36431652307510376,,1,,35.5625,40.375,39.3125,46.1875,44.625,-1408.0,44.3125,
6100439830930,SAMPLE,,,,,,,6100439830930,6100451649980,PMBUS,0.849853515625,0.46142578125,,0.3921443223953247,,1,,PMBUS,0.849609375,-0.011383056640625,,-0.009671151638031006,,1,,PMBUS,0.850341796875,1.1328125,,0.9632778167724609,,1,,PMBUS,1.199462890625,0.38720703125,,0.4644404649734497,,1,,PMBUS,0.85009765625,0.3134765625,,0.26648569107055664,,1,,HWMON,0.291015625,168.0,,48.890625,,1,,PMBUS,1.799560546875,0.20263671875,,0.36465704441070557,,1,,35.9375,40.3125,39.3125,46.1875,44.75,-1408.0,44.625,
6100576980490,SAMPLE,,,,,,,6100576980490,6100588542900,PMBUS,0.849853515625,0.337890625,,0.2871575355529785,,1,,PMBUS,0.849609375,-0.01995849609375,,-0.01695692539215088,,1,,PMBUS,0.849609375,1.18359375,,1.0055923461914062,,1,,PMBUS,1.199462890625,0.42041015625,,0.5042663812637329,,1,,PMBUS,0.849853515625,0.314453125,,0.2672390937805176,,1,,HWMON,0.291015625,176.0,,51.21875,,1,,PMBUS,1.800048828125,0.198486328125,,0.3572850823402405,,1,,35.9375,40.3125,39.25,46.4375,44.0625,-1408.0,44.5,
6100713856540,SAMPLE,,,,,,,6100713856540,6100725414370,PMBUS,0.849853515625,0.453125,,0.3850898742675781,,1,,PMBUS,0.85009765625,-0.020965576171875,,-0.017822787165641785,,1,,PMBUS,0.85009765625,1.08984375,,0.9264736175537109,,1,,PMBUS,1.199951171875,0.40771484375,,0.489237904548645,,1,,PMBUS,0.85009765625,0.32080078125,,0.27271199226379395,,1,,HWMON,0.291015625,176.0,,51.21875,,1,,PMBUS,1.800048828125,0.199462890625,,0.3590429425239563,,1,,35.8125,40.3125,39.25,46.3125,44.0625,-1408.0,44.5,
6100850725580,SAMPLE,,,,,,,6100850725580,6100862337720,PMBUS,0.849853515625,0.177001953125,,0.1504257321357727,,1,,PMBUS,0.849609375,-0.01470947265625,,-0.012497305870056152,,1,,PMBUS,0.849609375,1.173828125,,0.9972953796386719,,1,,PMBUS,1.199951171875,0.39013671875,,0.4681450128555298,,1,,PMBUS,0.849853515625,0.31494140625,,0.26765406131744385,,1,,HWMON,0.291015625,175.0,,50.927734375,,1,,PMBUS,1.800048828125,0.201171875,,0.362119197845459,,1,,35.8125,40.3125,39.25,46.3125,44.4375,-1408.0,44.75,
6100987664720,SAMPLE,,,,,,,6100987664720,6100999280260,PMBUS,0.849609375,0.024627685546875,,0.020923912525177002,,1,,PMBUS,0.85009765625,-0.0115509033203125,,-0.009819395840168,,1,,PMBUS,0.849609375,1.125,,0.955810546875,,1,,PMBUS,1.199951171875,0.400390625,,0.48044919967651367,,1,,PMBUS,0.85009765625,0.3173828125,,0.2698063850402832,,1,,HWMON,0.291259765625,163.0,,47.475341796875,,1,,PMBUS,1.800048828125,0.203125,,0.3656349182128906,,1,,35.4375,40.3125,39.25,46.1875,44.4375,-1408.0,44.75,
6101124594840,SAMPLE,,,,,,,6101124594840,6101136190710,PMBUS,0.849853515625,0.0947265625,,0.08050370216369629,,1,,PMBUS,0.849609375,-0.015594482421875,,-0.013249218463897705,,1,,PMBUS,0.85009765625,1.107421875,,0.9414167404174805,,1,,PMBUS,1.199951171875,0.42578125,,0.5109167098999023,,1,,PMBUS,0.849853515625,0.3203125,,0.2722187042236328,,1,,HWMON,0.291015625,173.0,,50.345703125,,1,,PMBUS,1.800048828125,0.201171875,,0.362119197845459,,1,,35.4375,40.375,38.875,46.1875,44.5,-1408.0,44.3125,
6101261504050,SAMPLE,,,,,,,6101261504050,6101273068260,PMBUS,0.849853515625,0.35009765625,,0.29753172397613525,,1,,PMBUS,0.85009765625,-0.0145111083984375,,-0.01233585923910141,,1,,PMBUS,0.85009765625,1.150390625,,0.9779443740844727,,1,,PMBUS,1.199462890625,0.41162109375,,0.4937242269515991,,1,,PMBUS,0.85009765625,0.31884765625,,0.27105164527893066,,1,,HWMON,0.291015625,175.0,,50.927734375,,1,,PMBUS,1.799560546875,0.203369140625,,0.3659750819206238,,1,,35.9375,40.375,39.125,46.1875,44.5,-1408.0,44.3125,
6101398405460,SAMPLE,,,,,,,6101398405460,6101410059830,PMBUS,0.849853515625,-9.1552734375e-05,,-7.780641317367554e-05,,1,,PMBUS,0.85009765625,-0.015838623046875,,-0.013464376330375671,,1,,PMBUS,0.85009765625,1.1484375,,0.9762840270996094,,1,,PMBUS,1.199951171875,0.41064453125,,0.49275338649749756,,1,,PMBUS,0.849853515625,0.3212890625,,0.27304863929748535,,1,,HWMON,0.291015625,176.0,,51.21875,,1,,PMBUS,1.800048828125,0.200927734375,,0.36167973279953003,,1,,35.9375,40.3125,39.125,46.1875,44.75,-1408.0,44.625,
6101469345530,EVENT,,MEASUREMENT_END,,,,,,,,,,,,,,,,,,,,,,,,,
6101547887570,EVENT,,RUNS=100,,,,,,,,,,,,,,,,,,,,,,,,,
6101548132930,EVENT,,STAGE_ACTIVE_WINDOW_MS=4296.000640,,,,,,,,,,,,,,,,,,,,,,,,,
6101548316070,EVENT,,STAGE_LATENCY_PER_INFERENCE_MS=42.960006,,,,,,,,,,,,,,,,,,,,,,,,,
6101555638110,EVENT,,STATUS=COMPLETED,,,,,,,,,,,,,,,,,,,,,,,,,
6103340731800,EVENT,,ARCHITECTURE=v1,,,,,,,,,,,,,,,,,,,,,,,,,
6103340745670,EVENT,,FREQUENCY=2MHz,,,,,,,,,,,,,,,,,,,,,,,,,
6103340752980,EVENT,,TARGET_VOLTAGE=0.84V,,,,,,,,,,,,,,,,,,,,,,,,,
6103340769470,EVENT,,WEIGHTS=weights/new_digitcaps_weights_fixed32_16.bin,,,,,,,,,,,,,,,,,,,,,,,,,
6103340777670,EVENT,,NUM_IMAGES=100,,,,,,,,,,,,,,,,,,,,,,,,,
6106064277540,EVENT,,MEASUREMENT_START,,,,,,,,,,,,,,,,,,,,,,,,,
6106076972490,SAMPLE,,,,,,,6106076972490,6106088561440,PMBUS,0.839599609375,2.37890625,,1.997328758239746,,1,,PMBUS,0.85009765625,-0.013458251953125,,-0.011440828442573547,,1,,PMBUS,0.849609375,1.140625,,0.969085693359375,,1,,PMBUS,1.199951171875,0.37255859375,,0.44705212116241455,,1,,PMBUS,0.849853515625,0.31884765625,,0.270973801612854,,1,,HWMON,0.291015625,175.0,,50.927734375,,1,,PMBUS,1.800048828125,0.198974609375,,0.3581640124320984,,1,,35.6875,40.5,39.0,46.3125,44.4375,-1408.0,44.75,
6106213889620,SAMPLE,,,,,,,6106213889620,6106225400130,PMBUS,0.839599609375,2.48828125,,2.0891599655151367,,1,,PMBUS,0.849609375,-0.0127105712890625,,-0.010799020528793335,,1,,PMBUS,0.85009765625,1.146484375,,0.9746236801147461,,1,,PMBUS,1.199462890625,0.40966796875,,0.49138152599334717,,1,,PMBUS,0.85009765625,0.3212890625,,0.27312707901000977,,1,,HWMON,0.291015625,175.0,,50.927734375,,1,,PMBUS,1.799560546875,0.198486328125,,0.3571881651878357,,1,,35.6875,40.3125,39.3125,46.3125,44.625,-1408.0,44.75,
6106350713570,SAMPLE,,,,,,,6106350713570,6106362948470,PMBUS,0.839599609375,2.52734375,,2.1219568252563477,,1,,PMBUS,0.85009765625,-0.0149993896484375,,-0.01275094598531723,,1,,PMBUS,0.85009765625,1.177734375,,1.0011892318725586,,1,,PMBUS,1.199951171875,0.384765625,,0.4616999626159668,,1,,PMBUS,0.85009765625,0.31982421875,,0.2718818187713623,,1,,HWMON,0.291015625,171.0,,49.763671875,,1,,PMBUS,1.799560546875,0.198974609375,,0.3580668568611145,,1,,35.6875,40.3125,38.75,46.3125,44.625,-1408.0,44.75,
6106488261680,SAMPLE,,,,,,,6106488261680,6106500831750,PMBUS,0.83984375,2.6015625,,2.184906005859375,,1,,PMBUS,0.85009765625,-0.0141754150390625,,-0.012050487101078033,,1,,PMBUS,0.849609375,1.271484375,,1.0802650451660156,,1,,PMBUS,1.199462890625,0.42236328125,,0.5066090822219849,,1,,PMBUS,0.849853515625,0.31982421875,,0.27180373668670654,,1,,HWMON,0.291259765625,155.0,,45.145263671875,,1,,PMBUS,1.800048828125,0.195068359375,,0.3511325716972351,,1,,36.1875,40.5,38.75,46.3125,44.75,19.75,44.4375,
6106626167120,SAMPLE,,,,,,,6106626167120,6106637682810,PMBUS,0.83984375,2.97265625,,2.4965667724609375,,1,,PMBUS,0.85009765625,-0.01861572265625,,-0.01582518219947815,,1,,PMBUS,0.85009765625,1.1171875,,0.9497184753417969,,1,,PMBUS,1.199951171875,0.40869140625,,0.4904097318649292,,1,,PMBUS,0.85009765625,0.31982421875,,0.2718818187713623,,1,,HWMON,0.291015625,175.0,,50.927734375,,1,,PMBUS,1.799560546875,0.203369140625,,0.3659750819206238,,1,,36.1875,40.5,39.125,46.3125,44.625,-1408.0,44.4375,
6106762993360,SAMPLE,,,,,,,6106762993360,6106774472090,PMBUS,0.83984375,2.53125,,2.1258544921875,,1,,PMBUS,0.85009765625,-0.022735595703125,,-0.019327476620674133,,1,,PMBUS,0.85009765625,1.064453125,,0.9048891067504883,,1,,PMBUS,1.199951171875,0.41455078125,,0.4974406957626343,,1,,PMBUS,0.849853515625,0.318359375,,0.27055883407592773,,1,,HWMON,0.291015625,175.0,,50.927734375,,1,,PMBUS,1.799560546875,0.200927734375,,0.36158162355422974,,1,,35.6875,40.0625,39.125,46.1875,44.625,-1408.0,44.75,
6106899799090,SAMPLE,,,,,,,6106899799090,6106911379950,PMBUS,0.839599609375,2.80859375,,2.3580942153930664,,1,,PMBUS,0.85009765625,-0.02545166015625,,-0.021636396646499634,,1,,PMBUS,0.85009765625,1.0859375,,0.9231529235839844,,1,,PMBUS,1.199951171875,0.42724609375,,0.5126744508743286,,1,,PMBUS,0.849853515625,0.3193359375,,0.2713887691497803,,1,,HWMON,0.291015625,175.0,,50.927734375,,1,,PMBUS,1.799560546875,0.20166015625,,0.36289966106414795,,1,,35.6875,40.0625,39.4375,46.1875,44.5,-1408.0,44.625,
6107036698110,SAMPLE,,,,,,,6107036698110,6107048221330,PMBUS,0.839599609375,2.26953125,,1.9054975509643555,,1,,PMBUS,0.85009765625,-0.017425537109375,,-0.014813408255577087,,1,,PMBUS,0.85009765625,1.130859375,,0.9613409042358398,,1,,PMBUS,1.199951171875,0.42041015625,,0.5044716596603394,,1,,PMBUS,0.849853515625,0.3173828125,,0.2697288990020752,,1,,HWMON,0.290771484375,164.0,,47.6865234375,,1,,PMBUS,1.800048828125,0.19677734375,,0.3542088270187378,,1,,36.1875,40.5,39.4375,46.1875,44.5,-1408.0,44.625,
6107173535600,SAMPLE,,,,,,,6107173535600,6107185057570,PMBUS,0.839599609375,2.62109375,,2.200669288635254,,1,,PMBUS,0.849609375,-0.015655517578125,,-0.013301074504852295,,1,,PMBUS,0.849365234375,1.166015625,,0.9903731346130371,,1,,PMBUS,1.199462890625,0.419921875,,0.5036807060241699,,1,,PMBUS,0.85009765625,0.314453125,,0.2673158645629883,,1,,HWMON,0.291015625,165.0,,48.017578125,,1,,PMBUS,1.799560546875,0.20166015625,,0.36289966106414795,,1,,36.1875,40.5,38.875,46.1875,44.4375,-1408.0,44.625,
6107310387560,SAMPLE,,,,,,,6107310387560,6107321921020,PMBUS,0.83984375,2.49609375,,2.0963287353515625,,1,,PMBUS,0.849609375,-0.017425537109375,,-0.0148048996925354,,1,,PMBUS,0.85009765625,1.1484375,,0.9762840270996094,,1,,PMBUS,1.199951171875,0.4033203125,,0.4839646816253662,,1,,PMBUS,0.849853515625,0.3173828125,,0.2697288990020752,,1,,HWMON,0.291015625,172.0,,50.0546875,,1,,PMBUS,1.800048828125,0.196533203125,,0.35376936197280884,,1,,35.5625,40.625,38.875,46.0625,44.4375,-1408.0,44.625,
6107447231890,SAMPLE,,,,,,,6107447231890,6107458805830,PMBUS,0.83984375,2.5703125,,2.158660888671875,,1,,PMBUS,0.849609375,-0.0152435302734375,,-0.012951046228408813,,1,,PMBUS,0.849609375,1.154296875,,0.9807014465332031,,1,,PMBUS,1.199462890625,0.4208984375,,0.5048520565032959,,1,,PMBUS,0.849853515625,0.318359375,,0.27055883407592773,,1,,HWMON,0.291015625,175.0,,50.927734375,,1,,PMBUS,1.799560546875,0.19970703125,,0.3593848943710327,,1,,35.5625,40.5,38.875,46.0625,44.5,-1408.0,44.5,
6107584117050,SAMPLE,,,,,,,6107584117050,6107595591060,PMBUS,0.83984375,2.71875,,2.2833251953125,,1,,PMBUS,0.85009765625,-0.015899658203125,,-0.013516262173652649,,1,,PMBUS,0.85009765625,1.087890625,,0.9248132705688477,,1,,PMBUS,1.199462890625,0.3701171875,,0.4439418315887451,,1,,PMBUS,0.85009765625,0.31689453125,,0.2693912982940674,,1,,HWMON,0.291015625,175.0,,50.927734375,,1,,PMBUS,1.800048828125,0.19970703125,,0.35948240756988525,,1,,35.8125,40.5,38.875,46.3125,44.5,-1408.0,44.5,
6107720914040,SAMPLE,,,,,,,6107720914040,6107732407610,PMBUS,0.83984375,2.44140625,,2.0503997802734375,,1,,PMBUS,0.849609375,-0.0131378173828125,,-0.011162012815475464,,1,,PMBUS,0.849609375,1.125,,0.955810546875,,1,,PMBUS,1.199462890625,0.41259765625,,0.4948955774307251,,1,,PMBUS,0.849853515625,0.3193359375,,0.2713887691497803,,1,,HWMON,0.291015625,171.0,,49.763671875,,1,,PMBUS,1.800048828125,0.201904296875,,0.36343759298324585,,1,,35.8125,40.1875,39.25,46.3125,44.5,-1408.0,44.75,
6107857719860,SAMPLE,,,,,,,6107857719860,6107869291500,PMBUS,0.83984375,2.6015625,,2.184906005859375,,1,,PMBUS,0.85009765625,-0.01409912109375,,-0.011985629796981812,,1,,PMBUS,0.849609375,1.123046875,,0.9541511535644531,,1,,PMBUS,1.199951171875,0.38134765625,,0.45759856700897217,,1,,PMBUS,0.85009765625,0.31982421875,,0.2718818187713623,,1,,HWMON,0.291259765625,166.0,,48.34912109375,,1,,PMBUS,1.799560546875,0.203857421875,,0.3668537735939026,,1,,35.6875,40.1875,39.25,45.9375,44.5,-1408.0,44.75,
6107994633090,SAMPLE,,,,,,,6107994633090,6108006743990,PMBUS,0.839599609375,2.71875,,2.2826614379882812,,1,,PMBUS,0.85009765625,-0.02191162109375,,-0.018627017736434937,,1,,PMBUS,0.849609375,1.138671875,,0.9674263000488281,,1,,PMBUS,1.199951171875,0.427734375,,0.5132603645324707,,1,,PMBUS,0.85009765625,0.3212890625,,0.27312707901000977,,1,,HWMON,0.291015625,167.0,,48.599609375,,1,,PMBUS,1.800048828125,0.197998046875,,0.35640615224838257,,1,,35.9375,40.375,39.3125,45.9375,44.4375,-1408.0,44.5,
6108132059720,SAMPLE,,,,,,,6108132059720,6108143860290,PMBUS,0.83984375,2.85546875,,2.3981475830078125,,1,,PMBUS,0.85009765625,-0.0172119140625,,-0.014631807804107666,,1,,PMBUS,0.85009765625,1.142578125,,0.9713029861450195,,1,,PMBUS,1.199462890625,0.37451171875,,0.449212908744812,,1,,PMBUS,0.85009765625,0.31640625,,0.26897621154785156,,1,,HWMON,0.291015625,175.0,,50.927734375,,1,,PMBUS,1.799560546875,0.202392578125,,0.36421769857406616,,1,,35.9375,40.375,39.0,46.4375,44.4375,-1408.0,44.5,
6108269191960,SAMPLE,,,,,,,6108269191960,6108280703610,PMBUS,0.83984375,2.53515625,,2.1291351318359375,,1,,PMBUS,0.849609375,-0.00909423828125,,-0.007726550102233887,,1,,PMBUS,0.850341796875,1.109375,,0.9433479309082031,,1,,PMBUS,1.199462890625,0.43505859375,,0.5218366384506226,,1,,PMBUS,0.85009765625,0.31689453125,,0.2693912982940674,,1,,HWMON,0.291015625,175.0,,50.927734375,,1,,PMBUS,1.800048828125,0.198974609375,,0.3581640124320984,,1,,36.1875,40.3125,39.0,46.1875,44.75,-1408.0,44.75,
6108406027760,SAMPLE,,,,,,,6108406027760,6108417541570,PMBUS,0.83984375,2.69921875,,2.2669219970703125,,1,,PMBUS,0.85009765625,-0.019866943359375,,-0.01688884198665619,,1,,PMBUS,0.849609375,1.15234375,,0.9790420532226562,,1,,PMBUS,1.199462890625,0.376953125,,0.45214128494262695,,1,,PMBUS,0.85009765625,0.3173828125,,0.2698063850402832,,1,,HWMON,0.291259765625,175.0,,50.970458984375,,1,,PMBUS,1.800048828125,0.197509765625,,0.35552722215652466,,1,,36.1875,40.3125,39.125,46.1875,44.3125,-1408.0,44.75,
6108542855370,SAMPLE,,,,,,,6108542855370,6108554351900,PMBUS,0.839599609375,2.71484375,,2.27938175201416,,1,,PMBUS,0.849609375,-0.016326904296875,,-0.013871490955352783,,1,,PMBUS,0.849609375,1.123046875,,0.9541511535644531,,1,,PMBUS,1.199462890625,0.4111328125,,0.49313855171203613,,1,,PMBUS,0.849853515625,0.3232421875,,0.27470850944519043,,1,,HWMON,0.291015625,173.0,,50.345703125,,1,,PMBUS,1.800048828125,0.205078125,,0.36915063858032227,,1,,35.6875,40.5,39.125,46.0625,44.3125,-1408.0,44.4375,
6108679664390,SAMPLE,,,,,,,6108679664390,6108691202040,PMBUS,0.83984375,2.69921875,,2.2669219970703125,,1,,PMBUS,0.849609375,-0.018402099609375,,-0.015634596347808838,,1,,PMBUS,0.849609375,1.140625,,0.969085693359375,,1,,PMBUS,1.199951171875,0.3818359375,,0.45818448066711426,,1,,PMBUS,0.849853515625,0.31982421875,,0.27180373668670654,,1,,HWMON,0.291259765625,162.0,,47.18408203125,,1,,PMBUS,1.800048828125,0.198974609375,,0.3581640124320984,,1,,35.6875,40.5,39.0,46.0625,44.5,-1408.0,44.5,
6108816554320,SAMPLE,,,,,,,6108816554320,6108828067030,PMBUS,0.839599609375,2.68359375,,2.2531442642211914,,1,,PMBUS,0.85009765625,-0.017974853515625,,-0.015280380845069885,,1,,PMBUS,0.85009765625,1.10546875,,0.9397563934326172,,1,,PMBUS,1.199951171875,0.4111328125,,0.49333930015563965,,1,,PMBUS,0.85009765625,0.31640625,,0.26897621154785156,,1,,HWMON,0.291015625,175.0,,50.927734375,,1,,PMBUS,1.799560546875,0.203857421875,,0.3668537735939026,,1,,35.8125,40.375,39.0,46.0625,44.5,-1408.0,44.5,
6108953383900,SAMPLE,,,,,,,6108953383900,6108965005080,PMBUS,0.840087890625,2.89453125,,2.4316606521606445,,1,,PMBUS,0.85009765625,-0.017578125,,-0.014943122863769531,,1,,PMBUS,0.849609375,1.109375,,0.942535400390625,,1,,PMBUS,1.199951171875,0.380859375,,0.4570126533508301,,1,,PMBUS,0.849853515625,0.31591796875,,0.2684839963912964,,1,,HWMON,0.291015625,175.0,,50.927734375,,1,,PMBUS,1.800048828125,0.199951171875,,0.3599218726158142,,1,,35.8125,40.375,39.125,46.0625,44.75,-1408.0,44.875,
6109090323760,SAMPLE,,,,,,,6109090323760,6109101864080,PMBUS,0.83984375,2.62890625,,2.2078704833984375,,1,,PMBUS,0.85009765625,-0.0198974609375,,-0.016914784908294678,,1,,PMBUS,0.849365234375,1.166015625,,0.9903731346130371,,1,,PMBUS,1.199462890625,0.43408203125,,0.5206652879714966,,1,,PMBUS,0.849853515625,0.318359375,,0.27055883407592773,,1,,HWMON,0.291259765625,175.0,,50.970458984375,,1,,PMBUS,1.800048828125,0.201416015625,,0.36255866289138794,,1,,35.8125,40.375,39.125,46.1875,44.75,-1408.0,44.875,
6109227193370,SAMPLE,,,,,,,6109227193370,6109239398540,PMBUS,0.839599609375,2.72265625,,2.2859411239624023,,1,,PMBUS,0.849609375,-0.018035888671875,,-0.015323460102081299,,1,,PMBUS,0.85009765625,1.091796875,,0.9281339645385742,,1,,PMBUS,1.199462890625,0.3828125,,0.4591693878173828,,1,,PMBUS,0.849853515625,0.31689453125,,0.2693139314651489,,1,,HWMON,0.291015625,168.0,,48.890625,,1,,PMBUS,1.800048828125,0.200439453125,,0.3608008027076721,,1,,35.8125,40.75,39.3125,46.1875,44.4375,-1408.0,44.625,
6109364707470,SAMPLE,,,,,,,6109364707470,6109376228410,PMBUS,0.83984375,2.578125,,2.16522216796875,,1,,PMBUS,0.849609375,-0.017364501953125,,-0.01475304365158081,,1,,PMBUS,0.849609375,1.162109375,,0.9873390197753906,,1,,PMBUS,1.199951171875,0.42822265625,,0.5138462781906128,,1,,PMBUS,0.849853515625,0.31640625,,0.26889896392822266,,1,,HWMON,0.291015625,165.0,,48.017578125,,1,,PMBUS,1.800048828125,0.203125,,0.3656349182128906,,1,,35.9375,40.75,39.3125,46.3125,44.4375,-1408.0,44.625,
6109501552700,SAMPLE,,,,,,,6109501552700,6109513093690,PMBUS,0.839111328125,2.625,,2.202667236328125,,1,,PMBUS,0.85009765625,-0.012664794921875,,-0.01076631247997284,,1,,PMBUS,0.85009765625,1.091796875,,0.9281339645385742,,1,,PMBUS,1.199951171875,0.41552734375,,0.49861252307891846,,1,,PMBUS,0.849853515625,0.31982421875,,0.27180373668670654,,1,,HWMON,0.291015625,170.0,,49.47265625,,1,,PMBUS,1.799560546875,0.199462890625,,0.3589455485343933,,1,,35.6875,40.5,39.4375,46.3125,44.1875,-1408.0,44.4375,
6109638403860,SAMPLE,,,,,,,6109638403860,6109650616310,PMBUS,0.83984375,2.4296875,,2.040557861328125,,1,,PMBUS,0.849609375,-0.0128021240234375,,-0.01087680459022522,,1,,PMBUS,0.84912109375,1.177734375,,1.0000391006469727,,1,,PMBUS,1.199951171875,0.423828125,,0.508573055267334,,1,,PMBUS,0.849853515625,0.3212890625,,0.27304863929748535,,1,,HWMON,0.291015625,175.0,,50.927734375,,1,,PMBUS,1.799560546875,0.19677734375,,0.35411274433135986,,1,,35.6875,40.5,39.25,46.1875,44.1875,-1408.0,44.4375,
6109775938320,SAMPLE,,,,,,,6109775938320,6109787699100,PMBUS,0.83984375,2.75,,2.3095703125,,1,,PMBUS,0.85009765625,-0.018646240234375,,-0.015851125121116638,,1,,PMBUS,0.849609375,1.119140625,,0.9508323669433594,,1,,PMBUS,1.199462890625,0.4375,,0.5247650146484375,,1,,PMBUS,0.85009765625,0.3203125,,0.2722969055175781,,1,,HWMON,0.291015625,175.0,,50.927734375,,1,,PMBUS,1.800048828125,0.20263671875,,0.3647559881210327,,1,,35.8125,40.0625,39.25,46.1875,44.75,-1408.0,44.5,
6109913064640,SAMPLE,,,,,,,6109913064640,6109924801360,PMBUS,0.83984375,2.65625,,2.2308349609375,,1,,PMBUS,0.85009765625,-0.01300048828125,,-0.011051684617996216,,1,,PMBUS,0.85009765625,1.091796875,,0.9281339645385742,,1,,PMBUS,1.199462890625,0.3955078125,,0.4743969440460205,,1,,PMBUS,0.85009765625,0.31884765625,,0.27105164527893066,,1,,HWMON,0.291015625,170.0,,49.47265625,,1,,PMBUS,1.799560546875,0.20361328125,,0.3664144277572632,,1,,35.8125,40.0625,39.125,46.1875,44.4375,-1408.0,44.5,
6110050138050,SAMPLE,,,,,,,6110050138050,6110061705100,PMBUS,0.83984375,2.578125,,2.16522216796875,,1,,PMBUS,0.849609375,-0.019989013671875,,-0.016982853412628174,,1,,PMBUS,0.849609375,1.12109375,,0.9524917602539062,,1,,PMBUS,1.199462890625,0.41259765625,,0.4948955774307251,,1,,PMBUS,0.85009765625,0.3212890625,,0.27312707901000977,,1,,HWMON,0.291259765625,162.0,,47.18408203125,,1,,PMBUS,1.799560546875,0.199951171875,,0.3598242402076721,,1,,36.25,40.5,39.125,46.1875,44.4375,-1408.0,44.625,
6110187033600,SAMPLE,,,,,,,6110187033600,6110198564720,PMBUS,0.83984375,2.546875,,2.13897705078125,,1,,PMBUS,0.85009765625,-0.0184326171875,,-0.015669524669647217,,1,,PMBUS,0.849609375,1.146484375,,0.9740638732910156,,1,,PMBUS,1.199462890625,0.42529296875,,0.5101231336593628,,1,,PMBUS,0.849853515625,0.31396484375,,0.2668241262435913,,1,,HWMON,0.291015625,167.0,,48.599609375,,1,,PMBUS,1.799560546875,0.197265625,,0.35499143600463867,,1,,36.25,40.5,39.125,46.1875,44.5,-1408.0,45.0,
6110323899700,SAMPLE,,,,,,,6110323899700,6110335401400,PMBUS,0.839599609375,2.44921875,,2.056363105773926,,1,,PMBUS,0.85009765625,-0.017059326171875,,-0.014502093195915222,,1,,PMBUS,0.85009765625,1.119140625,,0.9513788223266602,,1,,PMBUS,1.199951171875,0.42236328125,,0.5068153142929077,,1,,PMBUS,0.85009765625,0.31298828125,,0.2660706043243408,,1,,HWMON,0.291015625,175.0,,50.927734375,,1,,PMBUS,1.800048828125,0.2001953125,,0.36036133766174316,,1,,35.5625,40.375,39.125,46.3125,44.5,-1408.0,45.0,
6110360510870,EVENT,,MEASUREMENT_END,,,,,,,,,,,,,,,,,,,,,,,,,
6110438476580,EVENT,,RUNS=100,,,,,,,,,,,,,,,,,,,,,,,,,
6110438711650,EVENT,,STAGE_ACTIVE_WINDOW_MS=4296.121160,,,,,,,,,,,,,,,,,,,,,,,,,
6110438903660,EVENT,,STAGE_LATENCY_PER_INFERENCE_MS=42.961212,,,,,,,,,,,,,,,,,,,,,,,,,
6110446041630,EVENT,,STATUS=COMPLETED,,,,,,,,,,,,,,,,,,,,,,,,,
6112228609450,EVENT,,ARCHITECTURE=v1,,,,,,,,,,,,,,,,,,,,,,,,,
6112228624090,EVENT,,FREQUENCY=2MHz,,,,,,,,,,,,,,,,,,,,,,,,,
6112228633420,EVENT,,TARGET_VOLTAGE=0.83V,,,,,,,,,,,,,,,,,,,,,,,,,
6112228648530,EVENT,,WEIGHTS=weights/new_digitcaps_weights_fixed32_16.bin,,,,,,,,,,,,,,,,,,,,,,,,,
6112228659580,EVENT,,NUM_IMAGES=100,,,,,,,,,,,,,,,,,,,,,,,,,
6114963292100,EVENT,,MEASUREMENT_START,,,,,,,,,,,,,,,,,,,,,,,,,
6114994483330,SAMPLE,,,,,,,6114994483330,6115006057540,PMBUS,0.82958984375,1.373046875,,1.1390657424926758,,1,,PMBUS,0.85009765625,-0.0140838623046875,,-0.011972658336162567,,1,,PMBUS,0.85009765625,1.134765625,,0.9646615982055664,,1,,PMBUS,1.199951171875,0.41748046875,,0.5009561777114868,,1,,PMBUS,0.849853515625,0.3212890625,,0.27304863929748535,,1,,HWMON,0.291259765625,164.0,,47.7666015625,,1,,PMBUS,1.799560546875,0.199951171875,,0.3598242402076721,,1,,35.8125,40.1875,39.3125,45.9375,44.625,-1408.0,44.4375,
6115131386230,SAMPLE,,,,,,,6115131386230,6115143002150,PMBUS,0.829833984375,2.22265625,,1.844435691833496,,1,,PMBUS,0.849609375,-0.013427734375,,-0.011408329010009766,,1,,PMBUS,0.85009765625,1.107421875,,0.9414167404174805,,1,,PMBUS,1.199462890625,0.41064453125,,0.49255287647247314,,1,,PMBUS,0.85009765625,0.31787109375,,0.270221471786499,,1,,HWMON,0.291259765625,169.0,,49.222900390625,,1,,PMBUS,1.800048828125,0.204345703125,,0.3678322434425354,,1,,36.0625,40.5,39.3125,45.8125,44.625,-1408.0,44.4375,
6115268317460,SAMPLE,,,,,,,6115268317460,6115280911450,PMBUS,0.829833984375,1.890625,,1.5689048767089844,,1,,PMBUS,0.849609375,-0.020477294921875,,-0.017397701740264893,,1,,PMBUS,0.849609375,1.14453125,,0.9724044799804688,,1,,PMBUS,1.199951171875,0.3935546875,,0.4722464084625244,,1,,PMBUS,0.849853515625,0.31982421875,,0.27180373668670654,,1,,HWMON,0.291015625,173.0,,50.345703125,,1,,PMBUS,1.800048828125,0.19970703125,,0.35948240756988525,,1,,36.0625,40.5,38.875,45.8125,44.5,-1408.0,44.5,
6115406222840,SAMPLE,,,,,,,6115406222840,6115417758990,PMBUS,0.82958984375,2.02734375,,1.681863784790039,,1,,PMBUS,0.85009765625,-0.013214111328125,,-0.011233285069465637,,1,,PMBUS,0.85009765625,1.140625,,0.9696426391601562,,1,,PMBUS,1.199462890625,0.3876953125,,0.4650261402130127,,1,,PMBUS,0.849853515625,0.318359375,,0.27055883407592773,,1,,HWMON,0.291015625,176.0,,51.21875,,1,,PMBUS,1.800048828125,0.19873046875,,0.35772454738616943,,1,,35.6875,40.3125,38.875,46.4375,44.5,-1408.0,44.5,
6115543088500,SAMPLE,,,,,,,6115543088500,6115554641610,PMBUS,0.829833984375,1.96484375,,1.6304941177368164,,1,,PMBUS,0.85009765625,-0.015655517578125,,-0.013308718800544739,,1,,PMBUS,0.849609375,1.158203125,,0.9840202331542969,,1,,PMBUS,1.199951171875,0.4052734375,,0.48630833625793457,,1,,PMBUS,0.85009765625,0.31591796875,,0.26856112480163574,,1,,HWMON,0.291259765625,175.0,,50.970458984375,,1,,PMBUS,1.799560546875,0.20166015625,,0.36289966106414795,,1,,35.6875,40.625,39.3125,46.4375,44.5,-1408.0,44.625,
6115679952430,SAMPLE,,,,,,,6115679952430,6115691476050,PMBUS,0.82958984375,1.796875,,1.4906692504882812,,1,,PMBUS,0.85009765625,-0.017669677734375,,-0.015020951628684998,,1,,PMBUS,0.85009765625,1.126953125,,0.9580202102661133,,1,,PMBUS,1.199951171875,0.416015625,,0.49919843673706055,,1,,PMBUS,0.85009765625,0.31689453125,,0.2693912982940674,,1,,HWMON,0.291015625,168.0,,48.890625,,1,,PMBUS,1.799560546875,0.198486328125,,0.3571881651878357,,1,,35.8125,40.625,39.3125,46.3125,44.5,-1408.0,44.625,
6115816802360,SAMPLE,,,,,,,6115816802360,6115828444300,PMBUS,0.829833984375,1.919921875,,1.5932164192199707,,1,,PMBUS,0.849609375,-0.019317626953125,,-0.016412436962127686,,1,,PMBUS,0.849609375,1.16796875,,0.9923171997070312,,1,,PMBUS,1.199951171875,0.41552734375,,0.49861252307891846,,1,,PMBUS,0.849853515625,0.318359375,,0.27055883407592773,,1,,HWMON,0.291259765625,156.0,,45.4365234375,,1,,PMBUS,1.799560546875,0.202880859375,,0.36509639024734497,,1,,35.8125,40.5,39.125,46.3125,44.75,19.75,44.625,
6115953764320,SAMPLE,,,,,,,6115953764320,6115965299930,PMBUS,0.829833984375,2.0546875,,1.7050495147705078,,1,,PMBUS,0.849609375,-0.0141143798828125,,-0.011991709470748901,,1,,PMBUS,0.849609375,1.1015625,,0.9358978271484375,,1,,PMBUS,1.199951171875,0.38427734375,,0.4611140489578247,,1,,PMBUS,0.85009765625,0.31689453125,,0.2693912982940674,,1,,HWMON,0.291015625,175.0,,50.927734375,,1,,PMBUS,1.800048828125,0.19580078125,,0.352450966835022,,1,,35.5625,40.5,39.125,46.1875,44.75,-1408.0,44.625,
6116090617360,SAMPLE,,,,,,,6116090617360,6116102939300,PMBUS,0.82958984375,2.08203125,,1.7272319793701172,,1,,PMBUS,0.85009765625,-0.012237548828125,,-0.010403111577033997,,1,,PMBUS,0.849609375,1.14453125,,0.9724044799804688,,1,,PMBUS,1.199462890625,0.416015625,,0.498995304107666,,1,,PMBUS,0.849853515625,0.32177734375,,0.2734636068344116,,1,,HWMON,0.291015625,175.0,,50.927734375,,1,,PMBUS,1.799560546875,0.20263671875,,0.36465704441070557,,1,,35.6875,40.375,39.0,46.5625,44.625,-1408.0,44.5,
6116228269390,SAMPLE,,,,,,,6116228269390,6116239778430,PMBUS,0.829833984375,1.81640625,,1.5073156356811523,,1,,PMBUS,0.849609375,-0.0148162841796875,,-0.012588053941726685,,1,,PMBUS,0.849609375,1.13671875,,0.9657669067382812,,1,,PMBUS,1.199951171875,0.37060546875,,0.4447084665298462,,1,,PMBUS,0.85009765625,0.3173828125,,0.2698063850402832,,1,,HWMON,0.291015625,175.0,,50.927734375,,1,,PMBUS,1.800048828125,0.19921875,,0.35860347747802734,,1,,35.6875,40.375,39.0,46.5625,44.4375,-1408.0,44.5,
6116365091140,SAMPLE,,,,,,,6116365091140,6116376590240,PMBUS,0.829833984375,2.15234375,,1.786087989807129,,1,,PMBUS,0.849609375,-0.014556884765625,,-0.012367665767669678,,1,,PMBUS,0.849609375,1.16796875,,0.9923171997070312,,1,,PMBUS,1.199951171875,0.4130859375,,0.495682954788208,,1,,PMBUS,0.85009765625,0.3134765625,,0.26648569107055664,,1,,HWMON,0.291015625,175.0,,50.927734375,,1,,PMBUS,1.799560546875,0.1982421875,,0.3567488193511963,,1,,36.0625,40.5,39.3125,46.3125,44.4375,-1408.0,44.5,
6116501899430,SAMPLE,,,,,,,6116501899430,6116513455670,PMBUS,0.82958984375,2.046875,,1.6980667114257812,,1,,PMBUS,0.85009765625,-0.0134429931640625,,-0.011427856981754303,,1,,PMBUS,0.849609375,1.146484375,,0.9740638732910156,,1,,PMBUS,1.199462890625,0.37451171875,,0.449212908744812,,1,,PMBUS,0.85009765625,0.31591796875,,0.26856112480163574,,1,,HWMON,0.291015625,162.0,,47.14453125,,1,,PMBUS,1.799560546875,0.19775390625,,0.3558701276779175,,1,,36.0625,40.5,39.3125,46.3125,44.625,-1408.0,44.625,
6116638786160,SAMPLE,,,,,,,6116638786160,6116650896570,PMBUS,0.829833984375,2.0703125,,1.7180156707763672,,1,,PMBUS,0.85009765625,-0.5,,-0.425048828125,,1,,PMBUS,0.85009765625,1.150390625,,0.9779443740844727,,1,,PMBUS,1.199951171875,0.42626953125,,0.5115026235580444,,1,,PMBUS,0.849853515625,0.31689453125,,0.2693139314651489,,1,,HWMON,0.291015625,173.0,,50.345703125,,1,,PMBUS,1.800048828125,0.1982421875,,0.3568456172943115,,1,,35.9375,40.5,39.3125,45.9375,44.625,-1408.0,44.625,
6116776205970,SAMPLE,,,,,,,6116776205970,6116787701550,PMBUS,0.829833984375,2.43359375,,2.0194787979125977,,1,,PMBUS,0.85009765625,-0.018768310546875,,-0.015954896807670593,,1,,PMBUS,0.85009765625,1.12890625,,0.9596805572509766,,1,,PMBUS,1.199462890625,0.39892578125,,0.4784966707229614,,1,,PMBUS,0.85009765625,0.3203125,,0.2722969055175781,,1,,HWMON,0.291259765625,175.0,,50.970458984375,,1,,PMBUS,1.799560546875,0.201904296875,,0.36333900690078735,,1,,35.9375,40.5,39.125,45.9375,44.625,-1408.0,44.5,
6116913027110,SAMPLE,,,,,,,6116913027110,6116924561640,PMBUS,0.82958984375,1.96875,,1.6332550048828125,,1,,PMBUS,0.85009765625,-0.018890380859375,,-0.01605866849422455,,1,,PMBUS,0.849609375,1.11328125,,0.9458541870117188,,1,,PMBUS,1.199462890625,0.40625,,0.48728179931640625,,1,,PMBUS,0.85009765625,0.3232421875,,0.27478742599487305,,1,,HWMON,0.291015625,175.0,,50.927734375,,1,,PMBUS,1.800048828125,0.202392578125,,0.36431652307510376,,1,,35.9375,40.625,39.125,45.8125,44.625,-1408.0,44.5,
6117049874600,SAMPLE,,,,,,,6117049874600,6117061953440,PMBUS,0.829833984375,1.751953125,,1.4538302421569824,,1,,PMBUS,0.849609375,-0.012420654296875,,-0.010552704334259033,,1,,PMBUS,0.849609375,1.123046875,,0.9541511535644531,,1,,PMBUS,1.199951171875,0.39697265625,,0.47634780406951904,,1,,PMBUS,0.85009765625,0.31494140625,,0.2677309513092041,,1,,HWMON,0.291015625,165.0,,48.017578125,,1,,PMBUS,1.800048828125,0.19873046875,,0.35772454738616943,,1,,35.9375,40.75,39.3125,45.8125,44.5,-1408.0,44.5,
6117187265860,SAMPLE,,,,,,,6117187265860,6117198782690,PMBUS,0.829833984375,1.974609375,,1.6385979652404785,,1,,PMBUS,0.85009765625,-0.022186279296875,,-0.018860504031181335,,1,,PMBUS,0.85009765625,1.126953125,,0.9580202102661133,,1,,PMBUS,1.199462890625,0.41162109375,,0.4937242269515991,,1,,PMBUS,0.849853515625,0.31494140625,,0.26765406131744385,,1,,HWMON,0.291015625,167.0,,48.599609375,,1,,PMBUS,1.800048828125,0.1962890625,,0.3533298969268799,,1,,35.9375,40.75,39.3125,46.3125,44.5,-1408.0,44.5,
6117324111020,SAMPLE,,,,,,,6117324111020,6117335891850,PMBUS,0.829833984375,1.919921875,,1.5932164192199707,,1,,PMBUS,0.849609375,-0.0111083984375,,-0.009437799453735352,,1,,PMBUS,0.85009765625,1.130859375,,0.9613409042358398,,1,,PMBUS,1.199462890625,0.4140625,,0.49665260314941406,,1,,PMBUS,0.849853515625,0.3212890625,,0.27304863929748535,,1,,HWMON,0.291015625,166.0,,48.30859375,,1,,PMBUS,1.799560546875,0.200927734375,,0.36158162355422974,,1,,35.9375,40.375,39.3125,46.3125,44.875,-1408.0,44.75,
6117461228100,SAMPLE,,,,,,,6117461228100,6117473634280,PMBUS,0.82958984375,1.96875,,1.6332550048828125,,1,,PMBUS,0.849609375,-0.016571044921875,,-0.014078915119171143,,1,,PMBUS,0.850341796875,1.142578125,,0.9715819358825684,,1,,PMBUS,1.199951171875,0.4140625,,0.4968547821044922,,1,,PMBUS,0.85009765625,0.3154296875,,0.2681460380554199,,1,,HWMON,0.291015625,175.0,,50.927734375,,1,,PMBUS,1.800048828125,0.199951171875,,0.3599218726158142,,1,,35.6875,40.375,39.3125,46.3125,44.875,-1408.0,44.75,
6117598948900,SAMPLE,,,,,,,6117598948900,6117611020110,PMBUS,0.829833984375,2.13671875,,1.7731218338012695,,1,,PMBUS,0.85009765625,-0.015411376953125,,-0.013101175427436829,,1,,PMBUS,0.849609375,1.107421875,,0.9408760070800781,,1,,PMBUS,1.199951171875,0.40771484375,,0.489237904548645,,1,,PMBUS,0.85009765625,0.31689453125,,0.2693912982940674,,1,,HWMON,0.291015625,175.0,,50.927734375,,1,,PMBUS,1.799560546875,0.197021484375,,0.35455209016799927,,1,,35.8125,40.3125,39.0,46.3125,44.5,-1408.0,44.5,
6117736373450,SAMPLE,,,,,,,6117736373450,6117747912730,PMBUS,0.830078125,1.986328125,,1.6488075256347656,,1,,PMBUS,0.85009765625,-0.01092529296875,,-0.00928756594657898,,1,,PMBUS,0.85009765625,1.095703125,,0.9314546585083008,,1,,PMBUS,1.199462890625,0.37744140625,,0.45272696018218994,,1,,PMBUS,0.85009765625,0.31640625,,0.26897621154785156,,1,,HWMON,0.291015625,175.0,,50.927734375,,1,,PMBUS,1.800048828125,0.1962890625,,0.3533298969268799,,1,,35.8125,40.3125,39.0,46.4375,44.75,-1408.0,44.5,
6117873258280,SAMPLE,,,,,,,6117873258280,6117885276370,PMBUS,0.829833984375,1.916015625,,1.5899748802185059,,1,,PMBUS,0.85009765625,-0.0145263671875,,-0.012348830699920654,,1,,PMBUS,0.849609375,1.123046875,,0.9541511535644531,,1,,PMBUS,1.199462890625,0.427734375,,0.5130515098571777,,1,,PMBUS,0.849853515625,0.31591796875,,0.2684839963912964,,1,,HWMON,0.291259765625,158.0,,46.01904296875,,1,,PMBUS,1.799560546875,0.19970703125,,0.3593848943710327,,1,,35.5625,40.625,39.25,46.3125,44.75,-1408.0,44.3125,
6118010611680,SAMPLE,,,,,,,6118010611680,6118023101780,PMBUS,0.830078125,1.953125,,1.621246337890625,,1,,PMBUS,0.849609375,-0.017852783203125,,-0.01516789197921753,,1,,PMBUS,0.849609375,1.146484375,,0.9740638732910156,,1,,PMBUS,1.199951171875,0.3828125,,0.45935630798339844,,1,,PMBUS,0.849853515625,0.32275390625,,0.27429354190826416,,1,,HWMON,0.291259765625,166.0,,48.34912109375,,1,,PMBUS,1.800048828125,0.198974609375,,0.3581640124320984,,1,,35.5625,40.625,39.25,46.3125,44.5,-1408.0,44.75,
6118148438450,SAMPLE,,,,,,,6118148438450,6118159943600,PMBUS,0.829833984375,2.046875,,1.6985664367675781,,1,,PMBUS,0.849609375,-0.01824951171875,,-0.015504956245422363,,1,,PMBUS,0.85009765625,1.14453125,,0.9729633331298828,,1,,PMBUS,1.199462890625,0.4140625,,0.49665260314941406,,1,,PMBUS,0.849853515625,0.31787109375,,0.27014386653900146,,1,,HWMON,0.291015625,175.0,,50.927734375,,1,,PMBUS,1.800048828125,0.19677734375,,0.3542088270187378,,1,,35.9375,40.5,39.0,46.5625,44.5,-1408.0,44.75,
6118285277630,SAMPLE,,,,,,,6118285277630,6118297316870,PMBUS,0.829833984375,2.28515625,,1.8963003158569336,,1,,PMBUS,0.849609375,-0.0129852294921875,,-0.01103237271308899,,1,,PMBUS,0.849609375,1.15234375,,0.9790420532226562,,1,,PMBUS,1.199462890625,0.35693359375,,0.42812860012054443,,1,,PMBUS,0.85009765625,0.3154296875,,0.2681460380554199,,1,,HWMON,0.291015625,175.0,,50.927734375,,1,,PMBUS,1.800048828125,0.19580078125,,0.352450966835022,,1,,35.9375,40.5,39.25,46.5625,44.3125,-1408.0,44.4375,
6118422642020,SAMPLE,,,,,,,6118422642020,6118434154550,PMBUS,0.829833984375,2.1328125,,1.7698802947998047,,1,,PMBUS,0.85009765625,-0.0162353515625,,-0.013801634311676025,,1,,PMBUS,0.85009765625,1.126953125,,0.9580202102661133,,1,,PMBUS,1.199951171875,0.396484375,,0.47576189041137695,,1,,PMBUS,0.85009765625,0.31640625,,0.26897621154785156,,1,,HWMON,0.291015625,175.0,,50.927734375,,1,,PMBUS,1.800048828125,0.19970703125,,0.35948240756988525,,1,,35.9375,40.5,39.25,46.0625,44.3125,-1408.0,44.4375,
6118559462650,SAMPLE,,,,,,,6118559462650,6118572419200,PMBUS,0.8291015625,2.45703125,,2.037128448486328,,1,,PMBUS,0.85009765625,-0.0203857421875,,-0.017329871654510498,,1,,PMBUS,0.85009765625,1.125,,0.95635986328125,,1,,PMBUS,1.199951171875,0.3828125,,0.45935630798339844,,1,,PMBUS,0.849853515625,0.318359375,,0.27055883407592773,,1,,HWMON,0.291015625,163.0,,47.435546875,,1,,PMBUS,1.799560546875,0.19921875,,0.3585062026977539,,1,,35.9375,40.5,39.25,46.0625,44.75,-1408.0,44.625,
6118697733350,SAMPLE,,,,,,,6118697733350,6118709237210,PMBUS,0.82958984375,2.28125,,1.8925018310546875,,1,,PMBUS,0.85009765625,-0.018798828125,,-0.015980839729309082,,1,,PMBUS,0.849609375,1.1484375,,0.9757232666015625,,1,,PMBUS,1.199462890625,0.39453125,,0.47322559356689453,,1,,PMBUS,0.85009765625,0.31396484375,,0.26690077781677246,,1,,HWMON,0.291015625,166.0,,48.30859375,,1,,PMBUS,1.800048828125,0.198486328125,,0.3572850823402405,,1,,35.8125,40.5,39.25,46.3125,44.75,-1408.0,44.625,
6118834564610,SAMPLE,,,,,,,6118834564610,6118846076710,PMBUS,0.82958984375,2.18359375,,1.8114871978759766,,1,,PMBUS,0.85009765625,-0.0185546875,,-0.015773296356201172,,1,,PMBUS,0.850341796875,1.13671875,,0.9665994644165039,,1,,PMBUS,1.199951171875,0.3720703125,,0.44646620750427246,,1,,PMBUS,0.85009765625,0.32080078125,,0.27271199226379395,,1,,HWMON,0.291015625,169.0,,49.181640625,,1,,PMBUS,1.799560546875,0.199951171875,,0.3598242402076721,,1,,35.8125,40.75,38.875,46.3125,44.625,-1408.0,44.5,
6118971386920,SAMPLE,,,,,,,6118971386920,6118983507950,PMBUS,0.82958984375,2.1796875,,1.8082466125488281,,1,,PMBUS,0.85009765625,-0.013824462890625,,-0.011752143502235413,,1,,PMBUS,0.849609375,1.095703125,,0.9309196472167969,,1,,PMBUS,1.199462890625,0.41552734375,,0.498409628868103,,1,,PMBUS,0.849853515625,0.32080078125,,0.2726336717605591,,1,,HWMON,0.291015625,175.0,,50.927734375,,1,,PMBUS,1.799560546875,0.200927734375,,0.36158162355422974,,1,,35.8125,40.75,38.875,46.4375,44.625,-1408.0,44.5,
6119108818400,SAMPLE,,,,,,,6119108818400,6119120298050,PMBUS,0.82958984375,2.01171875,,1.6689014434814453,,1,,PMBUS,0.85009765625,-0.014251708984375,,-0.012115344405174255,,1,,PMBUS,0.849609375,1.140625,,0.969085693359375,,1,,PMBUS,1.199951171875,0.41943359375,,0.5032998323440552,,1,,PMBUS,0.85009765625,0.3193359375,,0.2714667320251465,,1,,HWMON,0.291015625,175.0,,50.927734375,,1,,PMBUS,1.800048828125,0.198486328125,,0.3572850823402405,,1,,35.8125,40.5,39.4375,46.4375,44.1875,-1408.0,44.5,
6119245625390,SAMPLE,,,,,,,6119245625390,6119258156860,PMBUS,0.830078125,1.673828125,,1.3894081115722656,,1,,PMBUS,0.85009765625,-0.01934814453125,,-0.01644781231880188,,1,,PMBUS,0.849609375,1.087890625,,0.9242820739746094,,1,,PMBUS,1.199462890625,0.4130859375,,0.4954812526702881,,1,,PMBUS,0.85009765625,0.3134765625,,0.26648569107055664,,1,,HWMON,0.291015625,172.0,,50.0546875,,1,,PMBUS,1.799560546875,0.19580078125,,0.35235536098480225,,1,,35.9375,40.5,39.4375,46.3125,44.75,-1408.0,44.5,
6119259678390,EVENT,,MEASUREMENT_END,,,,,,,,,,,,,,,,,,,,,,,,,
6119337880930,EVENT,,RUNS=100,,,,,,,,,,,,,,,,,,,,,,,,,
6119338110160,EVENT,,STAGE_ACTIVE_WINDOW_MS=4296.261620,,,,,,,,,,,,,,,,,,,,,,,,,
6119338288000,EVENT,,STAGE_LATENCY_PER_INFERENCE_MS=42.962616,,,,,,,,,,,,,,,,,,,,,,,,,
6119346549240,EVENT,,STATUS=COMPLETED,,,,,,,,,,,,,,,,,,,,,,,,,
6121121883770,EVENT,,ARCHITECTURE=v1,,,,,,,,,,,,,,,,,,,,,,,,,
6121121897850,EVENT,,FREQUENCY=2MHz,,,,,,,,,,,,,,,,,,,,,,,,,
6121121907460,EVENT,,TARGET_VOLTAGE=0.82V,,,,,,,,,,,,,,,,,,,,,,,,,
6121121922660,EVENT,,WEIGHTS=weights/new_digitcaps_weights_fixed32_16.bin,,,,,,,,,,,,,,,,,,,,,,,,,
6121121935440,EVENT,,NUM_IMAGES=100,,,,,,,,,,,,,,,,,,,,,,,,,
6123840334450,EVENT,,MEASUREMENT_START,,,,,,,,,,,,,,,,,,,,,,,,,
6123914030570,SAMPLE,,,,,,,6123914030570,6123925684050,PMBUS,0.819580078125,1.63671875,,1.3414220809936523,,1,,PMBUS,0.849609375,-0.018646240234375,,-0.015842020511627197,,1,,PMBUS,0.8505859375,1.142578125,,0.9718608856201172,,1,,PMBUS,1.199462890625,0.380859375,,0.45682668685913086,,1,,PMBUS,0.849853515625,0.31787109375,,0.27014386653900146,,1,,HWMON,0.291015625,171.0,,49.763671875,,1,,PMBUS,1.800048828125,0.202392578125,,0.36431652307510376,,1,,35.9375,40.375,39.125,46.0625,44.625,-1408.0,44.5,
6124051017740,SAMPLE,,,,,,,6124051017740,6124062561250,PMBUS,0.819580078125,1.228515625,,1.0068669319152832,,1,,PMBUS,0.849609375,-0.0162353515625,,-0.013793706893920898,,1,,PMBUS,0.85009765625,1.130859375,,0.9613409042358398,,1,,PMBUS,1.199462890625,0.41357421875,,0.4960669279098511,,1,,PMBUS,0.85009765625,0.3154296875,,0.2681460380554199,,1,,HWMON,0.291015625,167.0,,48.599609375,,1,,PMBUS,1.800048828125,0.199951171875,,0.3599218726158142,,1,,35.6875,40.375,39.125,46.0625,44.5,-1408.0,44.5,
6124187873680,SAMPLE,,,,,,,6124187873680,6124199367580,PMBUS,0.8193359375,1.86328125,,1.5266532897949219,,1,,PMBUS,0.849609375,-0.01263427734375,,-0.010734200477600098,,1,,PMBUS,0.849609375,1.123046875,,0.9541511535644531,,1,,PMBUS,1.199462890625,0.4287109375,,0.5142228603363037,,1,,PMBUS,0.849853515625,0.3193359375,,0.2713887691497803,,1,,HWMON,0.291015625,176.0,,51.21875,,1,,PMBUS,1.799560546875,0.20263671875,,0.36465704441070557,,1,,36.1875,40.5,39.25,46.3125,44.5,-1408.0,44.1875,
6124324677740,SAMPLE,,,,,,,6124324677740,6124336206810,PMBUS,0.81982421875,1.771484375,,1.452305793762207,,1,,PMBUS,0.849609375,-0.020721435546875,,-0.017605125904083252,,1,,PMBUS,0.85009765625,1.14453125,,0.9729633331298828,,1,,PMBUS,1.199951171875,0.40966796875,,0.4915815591812134,,1,,PMBUS,0.849853515625,0.31787109375,,0.27014386653900146,,1,,HWMON,0.291015625,175.0,,50.927734375,,1,,PMBUS,1.800048828125,0.19970703125,,0.35948240756988525,,1,,36.1875,40.5,39.25,46.3125,44.4375,-1408.0,44.1875,
6124461531660,SAMPLE,,,,,,,6124461531660,6124473064880,PMBUS,0.81982421875,1.849609375,,1.5163545608520508,,1,,PMBUS,0.849609375,-0.0186767578125,,-0.015867948532104492,,1,,PMBUS,0.85009765625,1.15625,,0.9829254150390625,,1,,PMBUS,1.199951171875,0.390625,,0.4687309265136719,,1,,PMBUS,0.85009765625,0.31298828125,,0.2660706043243408,,1,,HWMON,0.291259765625,175.0,,50.970458984375,,1,,PMBUS,1.800048828125,0.199462890625,,0.3590429425239563,,1,,35.5625,40.375,39.3125,46.625,44.4375,-1408.0,44.625,
6124598408910,SAMPLE,,,,,,,6124598408910,6124610560210,PMBUS,0.81982421875,1.73828125,,1.4250850677490234,,1,,PMBUS,0.85009765625,-0.0121917724609375,,-0.010364197194576263,,1,,PMBUS,0.849609375,1.150390625,,0.9773826599121094,,1,,PMBUS,1.199462890625,0.4130859375,,0.4954812526702881,,1,,PMBUS,0.85009765625,0.31591796875,,0.26856112480163574,,1,,HWMON,0.291015625,175.0,,50.927734375,,1,,PMBUS,1.799560546875,0.197509765625,,0.3554307818412781,,1,,35.5625,40.375,39.3125,46.625,44.4375,19.75,44.5,
6124735926880,SAMPLE,,,,,,,6124735926880,6124747452910,PMBUS,0.819580078125,1.677734375,,1.375037670135498,,1,,PMBUS,0.849609375,-0.01434326171875,,-0.012186169624328613,,1,,PMBUS,0.849609375,1.130859375,,0.9607887268066406,,1,,PMBUS,1.199951171875,0.4150390625,,0.49802660942077637,,1,,PMBUS,0.849853515625,0.31884765625,,0.270973801612854,,1,,HWMON,0.291259765625,158.0,,46.01904296875,,1,,PMBUS,1.800048828125,0.20068359375,,0.3612402677536011,,1,,35.6875,40.375,39.125,46.4375,44.4375,19.75,44.5,
6124872770500,SAMPLE,,,,,,,6124872770500,6124884298670,PMBUS,0.81982421875,1.990234375,,1.6316423416137695,,1,,PMBUS,0.85009765625,-0.015777587890625,,-0.013412490487098694,,1,,PMBUS,0.85009765625,1.103515625,,0.9380960464477539,,1,,PMBUS,1.199951171875,0.42236328125,,0.5068153142929077,,1,,PMBUS,0.85009765625,0.3125,,0.265655517578125,,1,,HWMON,0.291015625,174.0,,50.63671875,,1,,PMBUS,1.800048828125,0.19970703125,,0.35948240756988525,,1,,35.6875,40.375,39.125,46.4375,44.5,-1408.0,44.625,
6125009617160,SAMPLE,,,,,,,6125009617160,6125021122130,PMBUS,0.81982421875,1.529296875,,1.2537546157836914,,1,,PMBUS,0.85009765625,-0.017364501953125,,-0.01476152241230011,,1,,PMBUS,0.85009765625,1.10546875,,0.9397563934326172,,1,,PMBUS,1.199462890625,0.412109375,,0.4943099021911621,,1,,PMBUS,0.849853515625,0.31396484375,,0.2668241262435913,,1,,HWMON,0.291015625,175.0,,50.927734375,,1,,PMBUS,1.799560546875,0.2001953125,,0.3602635860443115,,1,,36.0625,40.375,39.0,46.3125,44.5,-1408.0,44.625,
6125146451300,SAMPLE,,,,,,,6125146451300,6125157950990,PMBUS,0.81982421875,1.833984375,,1.503544807434082,,1,,PMBUS,0.849609375,-0.016937255859375,,-0.014390051364898682,,1,,PMBUS,0.849609375,1.14453125,,0.9724044799804688,,1,,PMBUS,1.199462890625,0.390625,,0.4685401916503906,,1,,PMBUS,0.849853515625,0.31787109375,,0.27014386653900146,,1,,HWMON,0.291259765625,175.0,,50.970458984375,,1,,PMBUS,1.800048828125,0.206298828125,,0.37134796380996704,,1,,36.0625,40.3125,39.4375,46.3125,44.875,-1408.0,44.625,
6125283262750,SAMPLE,,,,,,,6125283262750,6125294804700,PMBUS,0.819580078125,1.5859375,,1.2998027801513672,,1,,PMBUS,0.849609375,-0.0177001953125,,-0.015038251876831055,,1,,PMBUS,0.849609375,1.109375,,0.942535400390625,,1,,PMBUS,1.199462890625,0.41650390625,,0.499580979347229,,1,,PMBUS,0.85009765625,0.310546875,,0.2639951705932617,,1,,HWMON,0.291259765625,168.0,,48.931640625,,1,,PMBUS,1.799560546875,0.20166015625,,0.36289966106414795,,1,,35.8125,40.3125,39.4375,46.3125,44.875,-1408.0,44.625,
6125420110770,SAMPLE,,,,,,,6125420110770,6125431638560,PMBUS,0.81982421875,1.611328125,,1.3210058212280273,,1,,PMBUS,0.849609375,-0.012969970703125,,-0.011019408702850342,,1,,PMBUS,0.849609375,1.123046875,,0.9541511535644531,,1,,PMBUS,1.199951171875,0.38037109375,,0.456426739692688,,1,,PMBUS,0.849853515625,0.31689453125,,0.2693139314651489,,1,,HWMON,0.291259765625,159.0,,46.310302734375,,1,,PMBUS,1.800048828125,0.2001953125,,0.36036133766174316,,1,,35.8125,40.625,39.0,46.3125,44.5,-1408.0,44.625,
6125556966670,SAMPLE,,,,,,,6125556966670,6125569495810,PMBUS,0.81982421875,1.5703125,,1.2873802185058594,,1,,PMBUS,0.85009765625,-0.01678466796875,,-0.014268606901168823,,1,,PMBUS,0.85009765625,1.13671875,,0.9663219451904297,,1,,PMBUS,1.199951171875,0.41162109375,,0.49392521381378174,,1,,PMBUS,0.85009765625,0.31494140625,,0.2677309513092041,,1,,HWMON,0.291015625,170.0,,49.47265625,,1,,PMBUS,1.799560546875,0.199462890625,,0.3589455485343933,,1,,36.0625,40.625,39.0,46.1875,44.5,-1408.0,44.625,
6125694804990,SAMPLE,,,,,,,6125694804990,6125707236100,PMBUS,0.81982421875,1.88671875,,1.5467777252197266,,1,,PMBUS,0.85009765625,-0.0186767578125,,-0.015877068042755127,,1,,PMBUS,0.849609375,1.15234375,,0.9790420532226562,,1,,PMBUS,1.199951171875,0.37451171875,,0.4493957757949829,,1,,PMBUS,0.85009765625,0.31591796875,,0.26856112480163574,,1,,HWMON,0.291015625,175.0,,50.927734375,,1,,PMBUS,1.799560546875,0.197265625,,0.35499143600463867,,1,,36.1875,40.5,39.25,46.4375,44.4375,-1408.0,44.625,
6125832560570,SAMPLE,,,,,,,6125832560570,6125844192360,PMBUS,0.81982421875,1.64453125,,1.348226547241211,,1,,PMBUS,0.85009765625,-0.013946533203125,,-0.011855915188789368,,1,,PMBUS,0.85009765625,1.111328125,,0.944737434387207,,1,,PMBUS,1.199951171875,0.42138671875,,0.5056434869766235,,1,,PMBUS,0.849853515625,0.31982421875,,0.27180373668670654,,1,,HWMON,0.291015625,176.0,,51.21875,,1,,PMBUS,1.799560546875,0.2001953125,,0.3602635860443115,,1,,36.1875,40.5,39.25,46.4375,44.75,-1408.0,44.625,
6125969513400,SAMPLE,,,,,,,6125969513400,6125981046050,PMBUS,0.81982421875,1.58203125,,1.296987533569336,,1,,PMBUS,0.849609375,-0.0152435302734375,,-0.012951046228408813,,1,,PMBUS,0.849609375,1.109375,,0.942535400390625,,1,,PMBUS,1.199951171875,0.36669921875,,0.4400211572647095,,1,,PMBUS,0.85009765625,0.31396484375,,0.26690077781677246,,1,,HWMON,0.291015625,173.0,,50.345703125,,1,,PMBUS,1.800048828125,0.197021484375,,0.35464829206466675,,1,,35.8125,40.375,39.3125,46.1875,44.75,-1408.0,44.5,
6126106361180,SAMPLE,,,,,,,6126106361180,6126117875010,PMBUS,0.819580078125,1.388671875,,1.1381278038024902,,1,,PMBUS,0.85009765625,-0.013458251953125,,-0.011440828442573547,,1,,PMBUS,0.85009765625,1.1640625,,0.9895668029785156,,1,,PMBUS,1.199951171875,0.431640625,,0.5179476737976074,,1,,PMBUS,0.85009765625,0.31396484375,,0.26690077781677246,,1,,HWMON,0.291015625,163.0,,47.435546875,,1,,PMBUS,1.799560546875,0.197265625,,0.35499143600463867,,1,,35.8125,40.375,39.3125,46.1875,44.5,-1408.0,44.5,
6126243206750,SAMPLE,,,,,,,6126243206750,6126255436350,PMBUS,0.81982421875,1.7265625,,1.4154777526855469,,1,,PMBUS,0.849609375,-0.0166015625,,-0.014104843139648438,,1,,PMBUS,0.85009765625,1.171875,,0.9962081909179688,,1,,PMBUS,1.199462890625,0.38916015625,,0.46678316593170166,,1,,PMBUS,0.85009765625,0.3173828125,,0.2698063850402832,,1,,HWMON,0.291259765625,154.0,,44.85400390625,,1,,PMBUS,1.799560546875,0.197998046875,,0.3563094735145569,,1,,35.6875,40.1875,39.3125,46.1875,44.5,19.75,44.5,
6126380746910,SAMPLE,,,,,,,6126380746910,6126392235810,PMBUS,0.820068359375,1.71875,,1.4094924926757812,,1,,PMBUS,0.85009765625,-0.0134429931640625,,-0.011427856981754303,,1,,PMBUS,0.85009765625,1.08984375,,0.9264736175537109,,1,,PMBUS,1.199951171875,0.3974609375,,0.47693371772766113,,1,,PMBUS,0.849853515625,0.31787109375,,0.27014386653900146,,1,,HWMON,0.291015625,176.0,,51.21875,,1,,PMBUS,1.799560546875,0.201416015625,,0.36246031522750854,,1,,35.6875,40.1875,39.3125,46.1875,44.5,-1408.0,44.75,
6126517545470,SAMPLE,,,,,,,6126517545470,6126529992170,PMBUS,0.819580078125,1.615234375,,1.3238139152526855,,1,,PMBUS,0.849609375,-0.0145111083984375,,-0.012328773736953735,,1,,PMBUS,0.85009765625,1.103515625,,0.9380960464477539,,1,,PMBUS,1.199462890625,0.37939453125,,0.4550696611404419,,1,,PMBUS,0.85009765625,0.314453125,,0.2673158645629883,,1,,HWMON,0.291015625,175.0,,50.927734375,,1,,PMBUS,1.799560546875,0.197021484375,,0.35455209016799927,,1,,36.0625,40.375,38.875,46.5625,44.5,-1408.0,44.75,
6126655346850,SAMPLE,,,,,,,6126655346850,6126668548950,PMBUS,0.819580078125,1.65234375,,1.3542280197143555,,1,,PMBUS,0.85009765625,-0.019683837890625,,-0.016733184456825256,,1,,PMBUS,0.85009765625,1.111328125,,0.944737434387207,,1,,PMBUS,1.199951171875,0.4033203125,,0.4839646816253662,,1,,PMBUS,0.85009765625,0.31396484375,,0.26690077781677246,,1,,HWMON,0.291015625,175.0,,50.927734375,,1,,PMBUS,1.800048828125,0.200927734375,,0.36167973279953003,,1,,36.0625,40.375,39.25,46.5625,44.625,-1408.0,44.5,
6126793860440,SAMPLE,,,,,,,6126793860440,6126805395360,PMBUS,0.81982421875,1.529296875,,1.2537546157836914,,1,,PMBUS,0.849609375,-0.0123748779296875,,-0.01051381230354309,,1,,PMBUS,0.849609375,1.138671875,,0.9674263000488281,,1,,PMBUS,1.199462890625,0.37548828125,,0.450384259223938,,1,,PMBUS,0.849853515625,0.3173828125,,0.2697288990020752,,1,,HWMON,0.291015625,166.0,,48.30859375,,1,,PMBUS,1.799560546875,0.199951171875,,0.3598242402076721,,1,,35.9375,40.375,39.25,46.4375,44.625,-1408.0,44.5,
6126930712950,SAMPLE,,,,,,,6126930712950,6126942320780,PMBUS,0.81982421875,1.314453125,,1.077620506286621,,1,,PMBUS,0.849609375,-0.0189208984375,,-0.01607537269592285,,1,,PMBUS,0.849609375,1.177734375,,1.0006141662597656,,1,,PMBUS,1.199951171875,0.43408203125,,0.5208772420883179,,1,,PMBUS,0.849853515625,0.3134765625,,0.26640915870666504,,1,,HWMON,0.291015625,168.0,,48.890625,,1,,PMBUS,1.800048828125,0.204345703125,,0.3678322434425354,,1,,35.9375,40.75,39.0,46.4375,44.625,-1408.0,44.75,
6127067656270,SAMPLE,,,,,,,6127067656270,6127079170850,PMBUS,0.81982421875,1.953125,,1.6012191772460938,,1,,PMBUS,0.849609375,-0.017364501953125,,-0.01475304365158081,,1,,PMBUS,0.85009765625,1.09375,,0.9297943115234375,,1,,PMBUS,1.199462890625,0.40478515625,,0.4855247735977173,,1,,PMBUS,0.85009765625,0.31103515625,,0.26441025733947754,,1,,HWMON,0.291015625,169.0,,49.181640625,,1,,PMBUS,1.799560546875,0.197021484375,,0.35455209016799927,,1,,36.0625,40.75,39.0,46.1875,44.625,-1408.0,44.75,
6127204484680,SAMPLE,,,,,,,6127204484680,6127215986520,PMBUS,0.819580078125,1.59375,,1.3062057495117188,,1,,PMBUS,0.849609375,-0.01641845703125,,-0.013949275016784668,,1,,PMBUS,0.849609375,1.123046875,,0.9541511535644531,,1,,PMBUS,1.199951171875,0.42578125,,0.5109167098999023,,1,,PMBUS,0.849853515625,0.31787109375,,0.27014386653900146,,1,,HWMON,0.291015625,175.0,,50.927734375,,1,,PMBUS,1.799560546875,0.201171875,,0.36202096939086914,,1,,36.0625,40.1875,39.5625,45.9375,44.5,-1408.0,44.3125,
6127341330200,SAMPLE,,,,,,,6127341330200,6127352858420,PMBUS,0.819580078125,1.578125,,1.2933998107910156,,1,,PMBUS,0.85009765625,-0.013824462890625,,-0.011752143502235413,,1,,PMBUS,0.849609375,1.12890625,,0.9591293334960938,,1,,PMBUS,1.199462890625,0.41162109375,,0.4937242269515991,,1,,PMBUS,0.85009765625,0.31591796875,,0.26856112480163574,,1,,HWMON,0.291015625,174.0,,50.63671875,,1,,PMBUS,1.799560546875,0.19970703125,,0.3593848943710327,,1,,35.9375,40.1875,39.5625,45.9375,44.75,-1408.0,44.3125,
6127478169740,SAMPLE,,,,,,,6127478169740,6127489723510,PMBUS,0.81982421875,1.58984375,,1.3033924102783203,,1,,PMBUS,0.85009765625,-0.0144500732421875,,-0.012283973395824432,,1,,PMBUS,0.849609375,1.099609375,,0.9342384338378906,,1,,PMBUS,1.199462890625,0.39794921875,,0.47732532024383545,,1,,PMBUS,0.849853515625,0.314453125,,0.2672390937805176,,1,,HWMON,0.291259765625,169.0,,49.222900390625,,1,,PMBUS,1.800048828125,0.196533203125,,0.35376936197280884,,1,,35.8125,40.1875,39.0,46.1875,44.75,-1408.0,44.4375,
6127615035590,SAMPLE,,,,,,,6127615035590,6127626567930,PMBUS,0.81982421875,1.384765625,,1.1352643966674805,,1,,PMBUS,0.849609375,-0.017425537109375,,-0.0148048996925354,,1,,PMBUS,0.85009765625,1.11328125,,0.9463977813720703,,1,,PMBUS,1.199951171875,0.40625,,0.48748016357421875,,1,,PMBUS,0.85009765625,0.314453125,,0.2673158645629883,,1,,HWMON,0.291259765625,162.0,,47.18408203125,,1,,PMBUS,1.799560546875,0.197998046875,,0.3563094735145569,,1,,35.8125,40.1875,39.0,46.1875,44.625,-1408.0,44.75,
6127751891650,SAMPLE,,,,,,,6127751891650,6127763395000,PMBUS,0.81982421875,1.474609375,,1.2089204788208008,,1,,PMBUS,0.85009765625,-0.015045166015625,,-0.012789860367774963,,1,,PMBUS,0.849609375,1.103515625,,0.9375572204589844,,1,,PMBUS,1.199951171875,0.41748046875,,0.5009561777114868,,1,,PMBUS,0.85009765625,0.31689453125,,0.2693912982940674,,1,,HWMON,0.291259765625,169.0,,49.222900390625,,1,,PMBUS,1.799560546875,0.19580078125,,0.35235536098480225,,1,,35.9375,40.0625,39.25,46.4375,44.625,-1408.0,44.75,
6127888709270,SAMPLE,,,,,,,6127888709270,6127900282980,PMBUS,0.81884765625,1.677734375,,1.3738088607788086,,1,,PMBUS,0.849609375,-0.019378662109375,,-0.016464293003082275,,1,,PMBUS,0.848388671875,1.279296875,,1.085340976715088,,1,,PMBUS,1.199951171875,0.404296875,,0.4851365089416504,,1,,PMBUS,0.849853515625,0.32080078125,,0.2726336717605591,,1,,HWMON,0.291015625,176.0,,51.21875,,1,,PMBUS,1.800048828125,0.201171875,,0.362119197845459,,1,,35.9375,40.0625,39.25,46.4375,44.5,-1408.0,44.75,
6128025603300,SAMPLE,,,,,,,6128025603300,6128037097940,PMBUS,0.81982421875,1.697265625,,1.3914594650268555,,1,,PMBUS,0.85009765625,-0.016632080078125,,-0.01413889229297638,,1,,PMBUS,0.849609375,1.1640625,,0.9889984130859375,,1,,PMBUS,1.199951171875,0.3779296875,,0.45349717140197754,,1,,PMBUS,0.849853515625,0.322265625,,0.2738785743713379,,1,,HWMON,0.291259765625,175.0,,50.970458984375,,1,,PMBUS,1.800048828125,0.2001953125,,0.36036133766174316,,1,,35.8125,39.9375,39.125,46.0625,44.5,-1408.0,44.75,
6128136302680,EVENT,,MEASUREMENT_END,,,,,,,,,,,,,,,,,,,,,,,,,
6128213950560,EVENT,,RUNS=100,,,,,,,,,,,,,,,,,,,,,,,,,
6128214189800,EVENT,,STAGE_ACTIVE_WINDOW_MS=4295.860190,,,,,,,,,,,,,,,,,,,,,,,,,
6128214382760,EVENT,,STAGE_LATENCY_PER_INFERENCE_MS=42.958602,,,,,,,,,,,,,,,,,,,,,,,,,
6128221536170,EVENT,,STATUS=COMPLETED,,,,,,,,,,,,,,,,,,,,,,,,,
6130004111210,EVENT,,ARCHITECTURE=v1,,,,,,,,,,,,,,,,,,,,,,,,,
6130004125230,EVENT,,FREQUENCY=2MHz,,,,,,,,,,,,,,,,,,,,,,,,,
6130004135010,EVENT,,TARGET_VOLTAGE=0.81V,,,,,,,,,,,,,,,,,,,,,,,,,
6130004150540,EVENT,,WEIGHTS=weights/new_digitcaps_weights_fixed32_16.bin,,,,,,,,,,,,,,,,,,,,,,,,,
6130004163750,EVENT,,NUM_IMAGES=100,,,,,,,,,,,,,,,,,,,,,,,,,
6132768923430,EVENT,,MEASUREMENT_START,,,,,,,,,,,,,,,,,,,,,,,,,
6132832826370,SAMPLE,,,,,,,6132832826370,6132844394170,PMBUS,0.809814453125,1.314453125,,1.0644631385803223,,1,,PMBUS,0.849609375,-0.0153656005859375,,-0.013054758310317993,,1,,PMBUS,0.849609375,1.1328125,,0.9624481201171875,,1,,PMBUS,1.199951171875,0.37158203125,,0.44588029384613037,,1,,PMBUS,0.85009765625,0.3115234375,,0.26482534408569336,,1,,HWMON,0.291015625,175.0,,50.927734375,,1,,PMBUS,1.800048828125,0.201904296875,,0.36343759298324585,,1,,36.0625,40.3125,39.25,45.9375,44.75,-1408.0,44.625,
6132969723610,SAMPLE,,,,,,,6132969723610,6132981416260,PMBUS,0.810302734375,1.240234375,,1.0049653053283691,,1,,PMBUS,0.85009765625,-0.01715087890625,,-0.014579921960830688,,1,,PMBUS,0.849609375,1.1015625,,0.9358978271484375,,1,,PMBUS,1.199951171875,0.3974609375,,0.47693371772766113,,1,,PMBUS,0.85009765625,0.31787109375,,0.270221471786499,,1,,HWMON,0.291259765625,169.0,,49.222900390625,,1,,PMBUS,1.800048828125,0.200927734375,,0.36167973279953003,,1,,36.0625,40.375,39.25,45.9375,44.1875,-1408.0,44.625,
6133106730360,SAMPLE,,,,,,,6133106730360,6133119344640,PMBUS,0.810302734375,1.6640625,,1.3483943939208984,,1,,PMBUS,0.849609375,-0.01849365234375,,-0.015712380409240723,,1,,PMBUS,0.849609375,1.109375,,0.942535400390625,,1,,PMBUS,1.199462890625,0.37255859375,,0.44687020778656006,,1,,PMBUS,0.85009765625,0.314453125,,0.2673158645629883,,1,,HWMON,0.291259765625,164.0,,47.7666015625,,1,,PMBUS,1.799560546875,0.1982421875,,0.3567488193511963,,1,,35.8125,40.375,39.125,46.3125,44.1875,-1408.0,44.625,
6133244658770,SAMPLE,,,,,,,6133244658770,6133256172170,PMBUS,0.810302734375,1.5703125,,1.2724285125732422,,1,,PMBUS,0.85009765625,-0.017578125,,-0.014943122863769531,,1,,PMBUS,0.849609375,1.107421875,,0.9408760070800781,,1,,PMBUS,1.199951171875,0.41455078125,,0.4974406957626343,,1,,PMBUS,0.849853515625,0.31787109375,,0.27014386653900146,,1,,HWMON,0.291259765625,169.0,,49.222900390625,,1,,PMBUS,1.800048828125,0.197021484375,,0.35464829206466675,,1,,35.8125,40.3125,39.125,46.3125,44.625,-1408.0,44.75,
6133381499440,SAMPLE,,,,,,,6133381499440,6133393011440,PMBUS,0.809814453125,1.380859375,,1.1182398796081543,,1,,PMBUS,0.849609375,-0.0115509033203125,,-0.009813755750656128,,1,,PMBUS,0.849609375,1.123046875,,0.9541511535644531,,1,,PMBUS,1.199951171875,0.41357421875,,0.4962688684463501,,1,,PMBUS,0.849853515625,0.32470703125,,0.27595341205596924,,1,,HWMON,0.291015625,175.0,,50.927734375,,1,,PMBUS,1.800048828125,0.201416015625,,0.36255866289138794,,1,,35.9375,40.3125,39.125,46.4375,44.625,-1408.0,44.75,
6133518318210,SAMPLE,,,,,,,6133518318210,6133529854060,PMBUS,0.809814453125,1.154296875,,0.9347662925720215,,1,,PMBUS,0.849609375,-0.0139923095703125,,-0.011887997388839722,,1,,PMBUS,0.849609375,1.125,,0.955810546875,,1,,PMBUS,1.199462890625,0.4072265625,,0.4884531497955322,,1,,PMBUS,0.849853515625,0.31689453125,,0.2693139314651489,,1,,HWMON,0.291015625,175.0,,50.927734375,,1,,PMBUS,1.800048828125,0.199462890625,,0.3590429425239563,,1,,35.9375,40.75,39.0,46.3125,44.5,-1408.0,44.625,
6133655178560,SAMPLE,,,,,,,6133655178560,6133666725040,PMBUS,0.8095703125,1.49609375,,1.2111930847167969,,1,,PMBUS,0.85009765625,-0.014373779296875,,-0.01221911609172821,,1,,PMBUS,0.849609375,1.150390625,,0.9773826599121094,,1,,PMBUS,1.199462890625,0.43408203125,,0.5206652879714966,,1,,PMBUS,0.849853515625,0.31982421875,,0.27180373668670654,,1,,HWMON,0.291015625,175.0,,50.927734375,,1,,PMBUS,1.800048828125,0.20166015625,,0.3629981279373169,,1,,36.0625,40.75,39.0,46.3125,44.4375,-1408.0,44.625,
6133792034310,SAMPLE,,,,,,,6133792034310,6133804591470,PMBUS,0.8095703125,1.51171875,,1.2238426208496094,,1,,PMBUS,0.849609375,-0.021728515625,,-0.018460750579833984,,1,,PMBUS,0.85009765625,1.115234375,,0.9480581283569336,,1,,PMBUS,1.199462890625,0.39892578125,,0.4784966707229614,,1,,PMBUS,0.849853515625,0.31591796875,,0.2684839963912964,,1,,HWMON,0.291015625,162.0,,47.14453125,,1,,PMBUS,1.800048828125,0.196044921875,,0.3528904318809509,,1,,35.9375,40.375,38.875,46.1875,44.4375,-1408.0,44.75,
6133929907770,SAMPLE,,,,,,,6133929907770,6133942264750,PMBUS,0.810302734375,1.451171875,,1.1758885383605957,,1,,PMBUS,0.85009765625,-0.0143585205078125,,-0.012206144630908966,,1,,PMBUS,0.849609375,1.111328125,,0.9441947937011719,,1,,PMBUS,1.199462890625,0.40283203125,,0.48318207263946533,,1,,PMBUS,0.849853515625,0.3154296875,,0.2680690288543701,,1,,HWMON,0.291015625,174.0,,50.63671875,,1,,PMBUS,1.799560546875,0.200927734375,,0.36158162355422974,,1,,35.9375,40.375,38.875,46.1875,44.75,-1408.0,44.625,
6134067599270,SAMPLE,,,,,,,6134067599270,6134079128150,PMBUS,0.8095703125,1.4921875,,1.2080307006835938,,1,,PMBUS,0.85009765625,-0.017242431640625,,-0.014657750725746155,,1,,PMBUS,0.85009765625,1.138671875,,0.967982292175293,,1,,PMBUS,1.199951171875,0.4169921875,,0.5003702640533447,,1,,PMBUS,0.849853515625,0.31689453125,,0.2693139314651489,,1,,HWMON,0.291259765625,175.0,,50.970458984375,,1,,PMBUS,1.799560546875,0.200439453125,,0.3607029318809509,,1,,36.0625,40.5,38.875,46.1875,44.75,-1408.0,44.625,
6134204441750,SAMPLE,,,,,,,6134204441750,6134215994750,PMBUS,0.809814453125,1.48828125,,1.2052316665649414,,1,,PMBUS,0.849609375,-0.012298583984375,,-0.010448992252349854,,1,,PMBUS,0.849609375,1.111328125,,0.9441947937011719,,1,,PMBUS,1.199462890625,0.40478515625,,0.4855247735977173,,1,,PMBUS,0.85009765625,0.31396484375,,0.26690077781677246,,1,,HWMON,0.291015625,175.0,,50.927734375,,1,,PMBUS,1.800048828125,0.203369140625,,0.3660743832588196,,1,,36.0625,40.5,38.875,46.1875,44.5,-1408.0,44.75,
6134341330450,SAMPLE,,,,,,,6134341330450,6134352837330,PMBUS,0.809814453125,0.9765625,,0.7908344268798828,,1,,PMBUS,0.849609375,-0.018341064453125,,-0.015582740306854248,,1,,PMBUS,0.85009765625,1.107421875,,0.9414167404174805,,1,,PMBUS,1.199462890625,0.35791015625,,0.4292999505996704,,1,,PMBUS,0.849853515625,0.31982421875,,0.27180373668670654,,1,,HWMON,0.291015625,170.0,,49.47265625,,1,,PMBUS,1.800048828125,0.19677734375,,0.3542088270187378,,1,,35.9375,40.75,39.0,45.9375,44.5,-1408.0,44.75,
6134478161620,SAMPLE,,,,,,,6134478161620,6134489739580,PMBUS,0.8095703125,1.2109375,,0.9803390502929688,,1,,PMBUS,0.85009765625,-0.01812744140625,,-0.015410095453262329,,1,,PMBUS,0.85009765625,1.0859375,,0.9231529235839844,,1,,PMBUS,1.199462890625,0.40283203125,,0.48318207263946533,,1,,PMBUS,0.849853515625,0.31787109375,,0.27014386653900146,,1,,HWMON,0.291015625,166.0,,48.30859375,,1,,PMBUS,1.800048828125,0.19580078125,,0.352450966835022,,1,,35.9375,40.75,39.0,45.9375,44.5,-1408.0,44.875,
6134615052840,SAMPLE,,,,,,,6134615052840,6134626587470,PMBUS,0.8095703125,1.400390625,,1.1337146759033203,,1,,PMBUS,0.849609375,-0.016143798828125,,-0.013715922832489014,,1,,PMBUS,0.85009765625,1.091796875,,0.9281339645385742,,1,,PMBUS,1.199462890625,0.40234375,,0.48259639739990234,,1,,PMBUS,0.85009765625,0.318359375,,0.27063655853271484,,1,,HWMON,0.291015625,171.0,,49.763671875,,1,,PMBUS,1.800048828125,0.19775390625,,0.3559666872024536,,1,,35.6875,40.5,39.3125,46.0625,44.5,-1408.0,44.875,
6134751911790,SAMPLE,,,,,,,6134751911790,6134763385330,PMBUS,0.809814453125,1.228515625,,0.9948697090148926,,1,,PMBUS,0.85009765625,-0.018585205078125,,-0.01579923927783966,,1,,PMBUS,0.85009765625,1.08984375,,0.9264736175537109,,1,,PMBUS,1.199951171875,0.41162109375,,0.49392521381378174,,1,,PMBUS,0.849853515625,0.31591796875,,0.2684839963912964,,1,,HWMON,0.291015625,175.0,,50.927734375,,1,,PMBUS,1.799560546875,0.198974609375,,0.3580668568611145,,1,,35.6875,40.375,39.3125,46.0625,44.4375,-1408.0,44.625,
6134888695590,SAMPLE,,,,,,,6134888695590,6134900252650,PMBUS,0.809814453125,1.458984375,,1.181506633758545,,1,,PMBUS,0.849609375,-0.0121917724609375,,-0.010358244180679321,,1,,PMBUS,0.84912109375,1.310546875,,1.1128129959106445,,1,,PMBUS,1.199951171875,0.39306640625,,0.4716604948043823,,1,,PMBUS,0.849853515625,0.314453125,,0.2672390937805176,,1,,HWMON,0.291015625,175.0,,50.927734375,,1,,PMBUS,1.799560546875,0.19970703125,,0.3593848943710327,,1,,36.0625,40.375,39.25,46.1875,44.4375,-1408.0,44.625,
6135025562790,SAMPLE,,,,,,,6135025562790,6135037098750,PMBUS,0.809814453125,1.28515625,,1.0407381057739258,,1,,PMBUS,0.85009765625,-0.01458740234375,,-0.012400716543197632,,1,,PMBUS,0.85009765625,1.123046875,,0.9546995162963867,,1,,PMBUS,1.199462890625,0.42578125,,0.5107088088989258,,1,,PMBUS,0.85009765625,0.31591796875,,0.26856112480163574,,1,,HWMON,0.291015625,174.0,,50.63671875,,1,,PMBUS,1.800048828125,0.19677734375,,0.3542088270187378,,1,,36.0625,40.375,39.25,46.0625,44.5,-1408.0,44.4375,
6135162423990,SAMPLE,,,,,,,6135162423990,6135173933020,PMBUS,0.8095703125,1.41015625,,1.1416206359863281,,1,,PMBUS,0.849609375,-0.017059326171875,,-0.014493763446807861,,1,,PMBUS,0.849609375,1.115234375,,0.9475135803222656,,1,,PMBUS,1.199951171875,0.37744140625,,0.45291125774383545,,1,,PMBUS,0.849853515625,0.318359375,,0.27055883407592773,,1,,HWMON,0.291015625,172.0,,50.0546875,,1,,PMBUS,1.800048828125,0.19482421875,,0.35069310665130615,,1,,35.8125,40.375,39.0,46.0625,44.5,-1408.0,44.4375,
6135299241030,SAMPLE,,,,,,,6135299241030,6135310789450,PMBUS,0.8095703125,1.314453125,,1.0641422271728516,,1,,PMBUS,0.85009765625,-0.019775390625,,-0.016811013221740723,,1,,PMBUS,0.849609375,1.173828125,,0.9972953796386719,,1,,PMBUS,1.199951171875,0.40478515625,,0.4857224225997925,,1,,PMBUS,0.85009765625,0.3154296875,,0.2681460380554199,,1,,HWMON,0.291259765625,161.0,,46.892822265625,,1,,PMBUS,1.799560546875,0.199951171875,,0.3598242402076721,,1,,35.8125,40.3125,39.25,45.9375,44.5,-1408.0,44.5,
6135436098630,SAMPLE,,,,,,,6135436098630,6135447635650,PMBUS,0.809814453125,1.400390625,,1.134056568145752,,1,,PMBUS,0.849609375,-0.01568603515625,,-0.01332700252532959,,1,,PMBUS,0.85009765625,1.1171875,,0.9497184753417969,,1,,PMBUS,1.199951171875,0.3828125,,0.45935630798339844,,1,,PMBUS,0.849853515625,0.31689453125,,0.2693139314651489,,1,,HWMON,0.291015625,175.0,,50.927734375,,1,,PMBUS,1.799560546875,0.205322265625,,0.369489848613739,,1,,35.6875,40.3125,39.25,45.9375,44.625,-1408.0,44.5,
6135572991690,SAMPLE,,,,,,,6135572991690,6135584519930,PMBUS,0.809814453125,1.451171875,,1.1751799583435059,,1,,PMBUS,0.849609375,-0.021087646484375,,-0.01791626214981079,,1,,PMBUS,0.85009765625,1.126953125,,0.9580202102661133,,1,,PMBUS,1.199462890625,0.3984375,,0.47791099548339844,,1,,PMBUS,0.85009765625,0.31787109375,,0.270221471786499,,1,,HWMON,0.291015625,175.0,,50.927734375,,1,,PMBUS,1.799560546875,0.202392578125,,0.36421769857406616,,1,,35.5625,40.5,39.3125,46.4375,44.625,-1408.0,44.625,
6135709831380,SAMPLE,,,,,,,6135709831380,6135721330000,PMBUS,0.809814453125,1.306640625,,1.0581364631652832,,1,,PMBUS,0.849609375,-0.017822265625,,-0.015141963958740234,,1,,PMBUS,0.85009765625,1.107421875,,0.9414167404174805,,1,,PMBUS,1.199462890625,0.40771484375,,0.4890388250350952,,1,,PMBUS,0.85009765625,0.3134765625,,0.26648569107055664,,1,,HWMON,0.291015625,175.0,,50.927734375,,1,,PMBUS,1.800048828125,0.195556640625,,0.352011501789093,,1,,35.5625,40.5,39.3125,46.4375,44.4375,-1408.0,44.4375,
6135846644960,SAMPLE,,,,,,,6135846644960,6135859036510,PMBUS,0.809814453125,1.255859375,,1.0170130729675293,,1,,PMBUS,0.85009765625,-0.018218994140625,,-0.015487924218177795,,1,,PMBUS,0.849609375,1.12890625,,0.9591293334960938,,1,,PMBUS,1.199951171875,0.41748046875,,0.5009561777114868,,1,,PMBUS,0.849853515625,0.31494140625,,0.26765406131744385,,1,,HWMON,0.291259765625,162.0,,47.18408203125,,1,,PMBUS,1.799560546875,0.19921875,,0.3585062026977539,,1,,35.5625,40.625,39.125,46.3125,44.4375,-1408.0,44.4375,
6135984373580,SAMPLE,,,,,,,6135984373580,6135995884280,PMBUS,0.809814453125,1.265625,,1.0249214172363281,,1,,PMBUS,0.849609375,-0.0146942138671875,,-0.012484341859817505,,1,,PMBUS,0.849609375,1.142578125,,0.9707450866699219,,1,,PMBUS,1.199951171875,0.36767578125,,0.44119298458099365,,1,,PMBUS,0.85009765625,0.3212890625,,0.27312707901000977,,1,,HWMON,0.291015625,165.0,,48.017578125,,1,,PMBUS,1.800048828125,0.201416015625,,0.36255866289138794,,1,,35.5625,40.625,39.125,46.3125,44.4375,-1408.0,44.75,
6136121234380,SAMPLE,,,,,,,6136121234380,6136132835950,PMBUS,0.8095703125,1.12890625,,0.9139289855957031,,1,,PMBUS,0.849609375,-0.0134429931640625,,-0.011421293020248413,,1,,PMBUS,0.849609375,1.15234375,,0.9790420532226562,,1,,PMBUS,1.199462890625,0.40625,,0.48728179931640625,,1,,PMBUS,0.849853515625,0.31787109375,,0.27014386653900146,,1,,HWMON,0.291015625,173.0,,50.345703125,,1,,PMBUS,1.800048828125,0.19921875,,0.35860347747802734,,1,,35.8125,40.5,39.4375,45.9375,44.4375,-1408.0,44.75,
6136258172540,SAMPLE,,,,,,,6136258172540,6136269825150,PMBUS,0.809814453125,1.396484375,,1.1308932304382324,,1,,PMBUS,0.849609375,-0.0137939453125,,-0.011719465255737305,,1,,PMBUS,0.849365234375,1.193359375,,1.0135979652404785,,1,,PMBUS,1.199462890625,0.4140625,,0.49665260314941406,,1,,PMBUS,0.849853515625,0.31982421875,,0.27180373668670654,,1,,HWMON,0.291015625,175.0,,50.927734375,,1,,PMBUS,1.799560546875,0.203369140625,,0.3659750819206238,,1,,35.8125,40.1875,39.4375,45.9375,44.5,-1408.0,44.625,
6136395137690,SAMPLE,,,,,,,6136395137690,6136406688480,PMBUS,0.809814453125,1.451171875,,1.1751799583435059,,1,,PMBUS,0.849609375,-0.020660400390625,,-0.017553269863128662,,1,,PMBUS,0.849609375,1.12890625,,0.9591293334960938,,1,,PMBUS,1.199951171875,0.408203125,,0.4898238182067871,,1,,PMBUS,0.85009765625,0.3154296875,,0.2681460380554199,,1,,HWMON,0.291015625,175.0,,50.927734375,,1,,PMBUS,1.800048828125,0.197509765625,,0.35552722215652466,,1,,35.8125,40.1875,38.75,46.1875,44.5,-1408.0,44.625,
6136531999650,SAMPLE,,,,,,,6136531999650,6136543523000,PMBUS,0.8095703125,1.626953125,,1.3171329498291016,,1,,PMBUS,0.85009765625,-0.0138092041015625,,-0.011739172041416168,,1,,PMBUS,0.85009765625,1.125,,0.95635986328125,,1,,PMBUS,1.199951171875,0.4208984375,,0.5050575733184814,,1,,PMBUS,0.849853515625,0.3203125,,0.2722187042236328,,1,,HWMON,0.291259765625,169.0,,49.222900390625,,1,,PMBUS,1.800048828125,0.200439453125,,0.3608008027076721,,1,,35.8125,40.1875,38.75,46.1875,44.5,-1408.0,44.875,
6136668847800,SAMPLE,,,,,,,6136668847800,6136680364420,PMBUS,0.810302734375,1.451171875,,1.1758885383605957,,1,,PMBUS,0.849609375,-0.0101470947265625,,-0.008621066808700562,,1,,PMBUS,0.85009765625,1.111328125,,0.944737434387207,,1,,PMBUS,1.199951171875,0.38134765625,,0.45759856700897217,,1,,PMBUS,0.85009765625,0.3212890625,,0.27312707901000977,,1,,HWMON,0.291015625,166.0,,48.30859375,,1,,PMBUS,1.799560546875,0.204345703125,,0.3677324652671814,,1,,35.9375,40.1875,38.875,46.1875,44.4375,-1408.0,44.875,
6136805677940,SAMPLE,,,,,,,6136805677940,6136817770360,PMBUS,0.809814453125,1.224609375,,0.991706371307373,,1,,PMBUS,0.849609375,-0.016326904296875,,-0.013871490955352783,,1,,PMBUS,0.85009765625,1.158203125,,0.9845857620239258,,1,,PMBUS,1.199951171875,0.41943359375,,0.5032998323440552,,1,,PMBUS,0.849853515625,0.3203125,,0.2722187042236328,,1,,HWMON,0.291015625,166.0,,48.30859375,,1,,PMBUS,1.799560546875,0.197509765625,,0.3554307818412781,,1,,35.9375,40.375,38.875,45.9375,44.4375,-1408.0,44.875,
6136943085680,SAMPLE,,,,,,,6136943085680,6136954698700,PMBUS,0.810302734375,1.076171875,,0.8720250129699707,,1,,PMBUS,0.85009765625,-0.01641845703125,,-0.013957291841506958,,1,,PMBUS,0.849609375,1.115234375,,0.9475135803222656,,1,,PMBUS,1.199951171875,0.3759765625,,0.4511535167694092,,1,,PMBUS,0.85009765625,0.31396484375,,0.26690077781677246,,1,,HWMON,0.291015625,175.0,,50.927734375,,1,,PMBUS,1.800048828125,0.194580078125,,0.3502536416053772,,1,,35.5625,40.375,38.875,45.9375,44.5,-1408.0,44.875,
6137065024430,EVENT,,MEASUREMENT_END,,,,,,,,,,,,,,,,,,,,,,,,,
6137143519750,EVENT,,RUNS=100,,,,,,,,,,,,,,,,,,,,,,,,,
6137143758610,EVENT,,STAGE_ACTIVE_WINDOW_MS=4295.974870,,,,,,,,,,,,,,,,,,,,,,,,,
6137143939860,EVENT,,STAGE_LATENCY_PER_INFERENCE_MS=42.959749,,,,,,,,,,,,,,,,,,,,,,,,,
6137151200630,EVENT,,STATUS=COMPLETED,,,,,,,,,,,,,,,,,,,,,,,,,
